# Populous Shaman OBJ Model
mtllib shaman.mtl

g Torso
usemtl ShamanRobe
v 0.3800 0.5000 0.0000
v 0.3074 0.5000 0.2234
v 0.1780 1.1000 0.1293
v 0.2200 1.1000 0.0000
v 0.3074 0.5000 0.2234
v 0.1174 0.5000 0.3614
v 0.0680 1.1000 0.2092
v 0.1780 1.1000 0.1293
v 0.1174 0.5000 0.3614
v -0.1174 0.5000 0.3614
v -0.0680 1.1000 0.2092
v 0.0680 1.1000 0.2092
v -0.1174 0.5000 0.3614
v -0.3074 0.5000 0.2234
v -0.1780 1.1000 0.1293
v -0.0680 1.1000 0.2092
v -0.3074 0.5000 0.2234
v -0.3800 0.5000 0.0000
v -0.2200 1.1000 0.0000
v -0.1780 1.1000 0.1293
v -0.3800 0.5000 0.0000
v -0.3074 0.5000 -0.2234
v -0.1780 1.1000 -0.1293
v -0.2200 1.1000 0.0000
v -0.3074 0.5000 -0.2234
v -0.1174 0.5000 -0.3614
v -0.0680 1.1000 -0.2092
v -0.1780 1.1000 -0.1293
v -0.1174 0.5000 -0.3614
v 0.1174 0.5000 -0.3614
v 0.0680 1.1000 -0.2092
v -0.0680 1.1000 -0.2092
v 0.1174 0.5000 -0.3614
v 0.3074 0.5000 -0.2234
v 0.1780 1.1000 -0.1293
v 0.0680 1.1000 -0.2092
v 0.3074 0.5000 -0.2234
v 0.3800 0.5000 0.0000
v 0.2200 1.1000 0.0000
v 0.1780 1.1000 -0.1293
v -0.2400 0.9250 0.1400
v 0.2400 0.9250 0.1400
v 0.2400 1.2750 0.1400
v -0.2400 1.2750 0.1400
v 0.2400 0.9250 -0.1400
v -0.2400 0.9250 -0.1400
v -0.2400 1.2750 -0.1400
v 0.2400 1.2750 -0.1400
v -0.2400 1.2750 0.1400
v 0.2400 1.2750 0.1400
v 0.2400 1.2750 -0.1400
v -0.2400 1.2750 -0.1400
v -0.2400 0.9250 -0.1400
v 0.2400 0.9250 -0.1400
v 0.2400 0.9250 0.1400
v -0.2400 0.9250 0.1400
v 0.2400 0.9250 0.1400
v 0.2400 0.9250 -0.1400
v 0.2400 1.2750 -0.1400
v 0.2400 1.2750 0.1400
v -0.2400 0.9250 -0.1400
v -0.2400 0.9250 0.1400
v -0.2400 1.2750 0.1400
v -0.2400 1.2750 -0.1400
v -0.2250 0.5500 -0.1750
v 0.2250 0.5500 -0.1750
v 0.2250 1.2500 -0.1750
v -0.2250 1.2500 -0.1750
v 0.2250 0.5500 -0.2250
v -0.2250 0.5500 -0.2250
v -0.2250 1.2500 -0.2250
v 0.2250 1.2500 -0.2250
v -0.2250 1.2500 -0.1750
v 0.2250 1.2500 -0.1750
v 0.2250 1.2500 -0.2250
v -0.2250 1.2500 -0.2250
v -0.2250 0.5500 -0.2250
v 0.2250 0.5500 -0.2250
v 0.2250 0.5500 -0.1750
v -0.2250 0.5500 -0.1750
v 0.2250 0.5500 -0.1750
v 0.2250 0.5500 -0.2250
v 0.2250 1.2500 -0.2250
v 0.2250 1.2500 -0.1750
v -0.2250 0.5500 -0.2250
v -0.2250 0.5500 -0.1750
v -0.2250 1.2500 -0.1750
v -0.2250 1.2500 -0.2250
v 0.2700 0.7400 0.0000
v 0.2184 0.7400 0.1587
v 0.2184 0.8200 0.1587
v 0.2700 0.8200 0.0000
v 0.2184 0.7400 0.1587
v 0.0834 0.7400 0.2568
v 0.0834 0.8200 0.2568
v 0.2184 0.8200 0.1587
v 0.0834 0.7400 0.2568
v -0.0834 0.7400 0.2568
v -0.0834 0.8200 0.2568
v 0.0834 0.8200 0.2568
v -0.0834 0.7400 0.2568
v -0.2184 0.7400 0.1587
v -0.2184 0.8200 0.1587
v -0.0834 0.8200 0.2568
v -0.2184 0.7400 0.1587
v -0.2700 0.7400 0.0000
v -0.2700 0.8200 0.0000
v -0.2184 0.8200 0.1587
v -0.2700 0.7400 0.0000
v -0.2184 0.7400 -0.1587
v -0.2184 0.8200 -0.1587
v -0.2700 0.8200 0.0000
v -0.2184 0.7400 -0.1587
v -0.0834 0.7400 -0.2568
v -0.0834 0.8200 -0.2568
v -0.2184 0.8200 -0.1587
v -0.0834 0.7400 -0.2568
v 0.0834 0.7400 -0.2568
v 0.0834 0.8200 -0.2568
v -0.0834 0.8200 -0.2568
v 0.0834 0.7400 -0.2568
v 0.2184 0.7400 -0.1587
v 0.2184 0.8200 -0.1587
v 0.0834 0.8200 -0.2568
v 0.2184 0.7400 -0.1587
v 0.2700 0.7400 0.0000
v 0.2700 0.8200 0.0000
v 0.2184 0.8200 -0.1587
vn 1.0000 0.0000 0.0000
vn 0.8090 0.0000 0.5878
vn 0.8090 0.0000 0.5878
vn 1.0000 0.0000 0.0000
vn 0.8090 0.0000 0.5878
vn 0.3090 0.0000 0.9511
vn 0.3090 0.0000 0.9511
vn 0.8090 0.0000 0.5878
vn 0.3090 0.0000 0.9511
vn -0.3090 0.0000 0.9511
vn -0.3090 0.0000 0.9511
vn 0.3090 0.0000 0.9511
vn -0.3090 0.0000 0.9511
vn -0.8090 0.0000 0.5878
vn -0.8090 0.0000 0.5878
vn -0.3090 0.0000 0.9511
vn -0.8090 0.0000 0.5878
vn -1.0000 0.0000 0.0000
vn -1.0000 0.0000 0.0000
vn -0.8090 0.0000 0.5878
vn -1.0000 0.0000 0.0000
vn -0.8090 0.0000 -0.5878
vn -0.8090 0.0000 -0.5878
vn -1.0000 0.0000 0.0000
vn -0.8090 0.0000 -0.5878
vn -0.3090 0.0000 -0.9511
vn -0.3090 0.0000 -0.9511
vn -0.8090 0.0000 -0.5878
vn -0.3090 0.0000 -0.9511
vn 0.3090 0.0000 -0.9511
vn 0.3090 0.0000 -0.9511
vn -0.3090 0.0000 -0.9511
vn 0.3090 0.0000 -0.9511
vn 0.8090 0.0000 -0.5878
vn 0.8090 0.0000 -0.5878
vn 0.3090 0.0000 -0.9511
vn 0.8090 0.0000 -0.5878
vn 1.0000 0.0000 0.0000
vn 1.0000 0.0000 0.0000
vn 0.8090 0.0000 -0.5878
vn 0.0000 0.0000 1.0000
vn 0.0000 0.0000 1.0000
vn 0.0000 0.0000 1.0000
vn 0.0000 0.0000 1.0000
vn 0.0000 0.0000 -1.0000
vn 0.0000 0.0000 -1.0000
vn 0.0000 0.0000 -1.0000
vn 0.0000 0.0000 -1.0000
vn 0.0000 1.0000 0.0000
vn 0.0000 1.0000 0.0000
vn 0.0000 1.0000 0.0000
vn 0.0000 1.0000 0.0000
vn 0.0000 -1.0000 0.0000
vn 0.0000 -1.0000 0.0000
vn 0.0000 -1.0000 0.0000
vn 0.0000 -1.0000 0.0000
vn 1.0000 0.0000 0.0000
vn 1.0000 0.0000 0.0000
vn 1.0000 0.0000 0.0000
vn 1.0000 0.0000 0.0000
vn -1.0000 0.0000 0.0000
vn -1.0000 0.0000 0.0000
vn -1.0000 0.0000 0.0000
vn -1.0000 0.0000 0.0000
vn 0.0000 0.0000 1.0000
vn 0.0000 0.0000 1.0000
vn 0.0000 0.0000 1.0000
vn 0.0000 0.0000 1.0000
vn 0.0000 0.0000 -1.0000
vn 0.0000 0.0000 -1.0000
vn 0.0000 0.0000 -1.0000
vn 0.0000 0.0000 -1.0000
vn 0.0000 1.0000 0.0000
vn 0.0000 1.0000 0.0000
vn 0.0000 1.0000 0.0000
vn 0.0000 1.0000 0.0000
vn 0.0000 -1.0000 0.0000
vn 0.0000 -1.0000 0.0000
vn 0.0000 -1.0000 0.0000
vn 0.0000 -1.0000 0.0000
vn 1.0000 0.0000 0.0000
vn 1.0000 0.0000 0.0000
vn 1.0000 0.0000 0.0000
vn 1.0000 0.0000 0.0000
vn -1.0000 0.0000 0.0000
vn -1.0000 0.0000 0.0000
vn -1.0000 0.0000 0.0000
vn -1.0000 0.0000 0.0000
vn 1.0000 0.0000 0.0000
vn 0.8090 0.0000 0.5878
vn 0.8090 0.0000 0.5878
vn 1.0000 0.0000 0.0000
vn 0.8090 0.0000 0.5878
vn 0.3090 0.0000 0.9511
vn 0.3090 0.0000 0.9511
vn 0.8090 0.0000 0.5878
vn 0.3090 0.0000 0.9511
vn -0.3090 0.0000 0.9511
vn -0.3090 0.0000 0.9511
vn 0.3090 0.0000 0.9511
vn -0.3090 0.0000 0.9511
vn -0.8090 0.0000 0.5878
vn -0.8090 0.0000 0.5878
vn -0.3090 0.0000 0.9511
vn -0.8090 0.0000 0.5878
vn -1.0000 0.0000 0.0000
vn -1.0000 0.0000 0.0000
vn -0.8090 0.0000 0.5878
vn -1.0000 0.0000 0.0000
vn -0.8090 0.0000 -0.5878
vn -0.8090 0.0000 -0.5878
vn -1.0000 0.0000 0.0000
vn -0.8090 0.0000 -0.5878
vn -0.3090 0.0000 -0.9511
vn -0.3090 0.0000 -0.9511
vn -0.8090 0.0000 -0.5878
vn -0.3090 0.0000 -0.9511
vn 0.3090 0.0000 -0.9511
vn 0.3090 0.0000 -0.9511
vn -0.3090 0.0000 -0.9511
vn 0.3090 0.0000 -0.9511
vn 0.8090 0.0000 -0.5878
vn 0.8090 0.0000 -0.5878
vn 0.3090 0.0000 -0.9511
vn 0.8090 0.0000 -0.5878
vn 1.0000 0.0000 0.0000
vn 1.0000 0.0000 0.0000
vn 0.8090 0.0000 -0.5878
vt 0.0000 0.0000
vt 0.1000 0.0000
vt 0.1000 1.0000
vt 0.0000 1.0000
vt 0.1000 0.0000
vt 0.2000 0.0000
vt 0.2000 1.0000
vt 0.1000 1.0000
vt 0.2000 0.0000
vt 0.3000 0.0000
vt 0.3000 1.0000
vt 0.2000 1.0000
vt 0.3000 0.0000
vt 0.4000 0.0000
vt 0.4000 1.0000
vt 0.3000 1.0000
vt 0.4000 0.0000
vt 0.5000 0.0000
vt 0.5000 1.0000
vt 0.4000 1.0000
vt 0.5000 0.0000
vt 0.6000 0.0000
vt 0.6000 1.0000
vt 0.5000 1.0000
vt 0.6000 0.0000
vt 0.7000 0.0000
vt 0.7000 1.0000
vt 0.6000 1.0000
vt 0.7000 0.0000
vt 0.8000 0.0000
vt 0.8000 1.0000
vt 0.7000 1.0000
vt 0.8000 0.0000
vt 0.9000 0.0000
vt 0.9000 1.0000
vt 0.8000 1.0000
vt 0.9000 0.0000
vt 1.0000 0.0000
vt 1.0000 1.0000
vt 0.9000 1.0000
vt 0.0000 0.0000
vt 1.0000 0.0000
vt 1.0000 1.0000
vt 0.0000 1.0000
vt 0.0000 0.0000
vt 1.0000 0.0000
vt 1.0000 1.0000
vt 0.0000 1.0000
vt 0.0000 0.0000
vt 1.0000 0.0000
vt 1.0000 1.0000
vt 0.0000 1.0000
vt 0.0000 0.0000
vt 1.0000 0.0000
vt 1.0000 1.0000
vt 0.0000 1.0000
vt 0.0000 0.0000
vt 1.0000 0.0000
vt 1.0000 1.0000
vt 0.0000 1.0000
vt 0.0000 0.0000
vt 1.0000 0.0000
vt 1.0000 1.0000
vt 0.0000 1.0000
vt 0.0000 0.0000
vt 1.0000 0.0000
vt 1.0000 1.0000
vt 0.0000 1.0000
vt 0.0000 0.0000
vt 1.0000 0.0000
vt 1.0000 1.0000
vt 0.0000 1.0000
vt 0.0000 0.0000
vt 1.0000 0.0000
vt 1.0000 1.0000
vt 0.0000 1.0000
vt 0.0000 0.0000
vt 1.0000 0.0000
vt 1.0000 1.0000
vt 0.0000 1.0000
vt 0.0000 0.0000
vt 1.0000 0.0000
vt 1.0000 1.0000
vt 0.0000 1.0000
vt 0.0000 0.0000
vt 1.0000 0.0000
vt 1.0000 1.0000
vt 0.0000 1.0000
vt 0.0000 0.0000
vt 0.1000 0.0000
vt 0.1000 1.0000
vt 0.0000 1.0000
vt 0.1000 0.0000
vt 0.2000 0.0000
vt 0.2000 1.0000
vt 0.1000 1.0000
vt 0.2000 0.0000
vt 0.3000 0.0000
vt 0.3000 1.0000
vt 0.2000 1.0000
vt 0.3000 0.0000
vt 0.4000 0.0000
vt 0.4000 1.0000
vt 0.3000 1.0000
vt 0.4000 0.0000
vt 0.5000 0.0000
vt 0.5000 1.0000
vt 0.4000 1.0000
vt 0.5000 0.0000
vt 0.6000 0.0000
vt 0.6000 1.0000
vt 0.5000 1.0000
vt 0.6000 0.0000
vt 0.7000 0.0000
vt 0.7000 1.0000
vt 0.6000 1.0000
vt 0.7000 0.0000
vt 0.8000 0.0000
vt 0.8000 1.0000
vt 0.7000 1.0000
vt 0.8000 0.0000
vt 0.9000 0.0000
vt 0.9000 1.0000
vt 0.8000 1.0000
vt 0.9000 0.0000
vt 1.0000 0.0000
vt 1.0000 1.0000
vt 0.9000 1.0000
f 1/1/1 2/2/2 3/3/3
f 1/1/1 3/3/3 4/4/4
f 5/5/5 6/6/6 7/7/7
f 5/5/5 7/7/7 8/8/8
f 9/9/9 10/10/10 11/11/11
f 9/9/9 11/11/11 12/12/12
f 13/13/13 14/14/14 15/15/15
f 13/13/13 15/15/15 16/16/16
f 17/17/17 18/18/18 19/19/19
f 17/17/17 19/19/19 20/20/20
f 21/21/21 22/22/22 23/23/23
f 21/21/21 23/23/23 24/24/24
f 25/25/25 26/26/26 27/27/27
f 25/25/25 27/27/27 28/28/28
f 29/29/29 30/30/30 31/31/31
f 29/29/29 31/31/31 32/32/32
f 33/33/33 34/34/34 35/35/35
f 33/33/33 35/35/35 36/36/36
f 37/37/37 38/38/38 39/39/39
f 37/37/37 39/39/39 40/40/40
f 41/41/41 42/42/42 43/43/43
f 41/41/41 43/43/43 44/44/44
f 45/45/45 46/46/46 47/47/47
f 45/45/45 47/47/47 48/48/48
f 49/49/49 50/50/50 51/51/51
f 49/49/49 51/51/51 52/52/52
f 53/53/53 54/54/54 55/55/55
f 53/53/53 55/55/55 56/56/56
f 57/57/57 58/58/58 59/59/59
f 57/57/57 59/59/59 60/60/60
f 61/61/61 62/62/62 63/63/63
f 61/61/61 63/63/63 64/64/64
f 65/65/65 66/66/66 67/67/67
f 65/65/65 67/67/67 68/68/68
f 69/69/69 70/70/70 71/71/71
f 69/69/69 71/71/71 72/72/72
f 73/73/73 74/74/74 75/75/75
f 73/73/73 75/75/75 76/76/76
f 77/77/77 78/78/78 79/79/79
f 77/77/77 79/79/79 80/80/80
f 81/81/81 82/82/82 83/83/83
f 81/81/81 83/83/83 84/84/84
f 85/85/85 86/86/86 87/87/87
f 85/85/85 87/87/87 88/88/88
f 89/89/89 90/90/90 91/91/91
f 89/89/89 91/91/91 92/92/92
f 93/93/93 94/94/94 95/95/95
f 93/93/93 95/95/95 96/96/96
f 97/97/97 98/98/98 99/99/99
f 97/97/97 99/99/99 100/100/100
f 101/101/101 102/102/102 103/103/103
f 101/101/101 103/103/103 104/104/104
f 105/105/105 106/106/106 107/107/107
f 105/105/105 107/107/107 108/108/108
f 109/109/109 110/110/110 111/111/111
f 109/109/109 111/111/111 112/112/112
f 113/113/113 114/114/114 115/115/115
f 113/113/113 115/115/115 116/116/116
f 117/117/117 118/118/118 119/119/119
f 117/117/117 119/119/119 120/120/120
f 121/121/121 122/122/122 123/123/123
f 121/121/121 123/123/123 124/124/124
f 125/125/125 126/126/126 127/127/127
f 125/125/125 127/127/127 128/128/128
g Head
usemtl ShamanMask
v 0.0000 1.2600 0.0000
v 0.0000 1.2600 0.0000
v 0.0000 1.2600 0.0000
v -0.0000 1.2600 0.0000
v -0.0000 1.2600 0.0000
v -0.0000 1.2600 0.0000
v -0.0000 1.2600 -0.0000
v -0.0000 1.2600 -0.0000
v 0.0000 1.2600 -0.0000
v 0.0000 1.2600 -0.0000
v 0.0000 1.2600 -0.0000
v 0.0612 1.2722 0.0000
v 0.0495 1.2722 0.0360
v 0.0189 1.2722 0.0582
v -0.0189 1.2722 0.0582
v -0.0495 1.2722 0.0360
v -0.0612 1.2722 0.0000
v -0.0495 1.2722 -0.0360
v -0.0189 1.2722 -0.0582
v 0.0189 1.2722 -0.0582
v 0.0495 1.2722 -0.0360
v 0.0612 1.2722 -0.0000
v 0.1131 1.3069 0.0000
v 0.0915 1.3069 0.0665
v 0.0350 1.3069 0.1076
v -0.0350 1.3069 0.1076
v -0.0915 1.3069 0.0665
v -0.1131 1.3069 0.0000
v -0.0915 1.3069 -0.0665
v -0.0350 1.3069 -0.1076
v 0.0350 1.3069 -0.1076
v 0.0915 1.3069 -0.0665
v 0.1131 1.3069 -0.0000
v 0.1478 1.3588 0.0000
v 0.1196 1.3588 0.0869
v 0.0457 1.3588 0.1406
v -0.0457 1.3588 0.1406
v -0.1196 1.3588 0.0869
v -0.1478 1.3588 0.0000
v -0.1196 1.3588 -0.0869
v -0.0457 1.3588 -0.1406
v 0.0457 1.3588 -0.1406
v 0.1196 1.3588 -0.0869
v 0.1478 1.3588 -0.0000
v 0.1600 1.4200 0.0000
v 0.1294 1.4200 0.0940
v 0.0494 1.4200 0.1522
v -0.0494 1.4200 0.1522
v -0.1294 1.4200 0.0940
v -0.1600 1.4200 0.0000
v -0.1294 1.4200 -0.0940
v -0.0494 1.4200 -0.1522
v 0.0494 1.4200 -0.1522
v 0.1294 1.4200 -0.0940
v 0.1600 1.4200 -0.0000
v 0.1478 1.4812 0.0000
v 0.1196 1.4812 0.0869
v 0.0457 1.4812 0.1406
v -0.0457 1.4812 0.1406
v -0.1196 1.4812 0.0869
v -0.1478 1.4812 0.0000
v -0.1196 1.4812 -0.0869
v -0.0457 1.4812 -0.1406
v 0.0457 1.4812 -0.1406
v 0.1196 1.4812 -0.0869
v 0.1478 1.4812 -0.0000
v 0.1131 1.5331 0.0000
v 0.0915 1.5331 0.0665
v 0.0350 1.5331 0.1076
v -0.0350 1.5331 0.1076
v -0.0915 1.5331 0.0665
v -0.1131 1.5331 0.0000
v -0.0915 1.5331 -0.0665
v -0.0350 1.5331 -0.1076
v 0.0350 1.5331 -0.1076
v 0.0915 1.5331 -0.0665
v 0.1131 1.5331 -0.0000
v 0.0612 1.5678 0.0000
v 0.0495 1.5678 0.0360
v 0.0189 1.5678 0.0582
v -0.0189 1.5678 0.0582
v -0.0495 1.5678 0.0360
v -0.0612 1.5678 0.0000
v -0.0495 1.5678 -0.0360
v -0.0189 1.5678 -0.0582
v 0.0189 1.5678 -0.0582
v 0.0495 1.5678 -0.0360
v 0.0612 1.5678 -0.0000
v 0.0000 1.5800 0.0000
v 0.0000 1.5800 0.0000
v 0.0000 1.5800 0.0000
v -0.0000 1.5800 0.0000
v -0.0000 1.5800 0.0000
v -0.0000 1.5800 0.0000
v -0.0000 1.5800 -0.0000
v -0.0000 1.5800 -0.0000
v 0.0000 1.5800 -0.0000
v 0.0000 1.5800 -0.0000
v 0.0000 1.5800 -0.0000
v -0.1300 1.2700 0.1900
v 0.1300 1.2700 0.1900
v 0.1300 1.5700 0.1900
v -0.1300 1.5700 0.1900
v 0.1300 1.2700 0.0900
v -0.1300 1.2700 0.0900
v -0.1300 1.5700 0.0900
v 0.1300 1.5700 0.0900
v -0.1300 1.5700 0.1900
v 0.1300 1.5700 0.1900
v 0.1300 1.5700 0.0900
v -0.1300 1.5700 0.0900
v -0.1300 1.2700 0.0900
v 0.1300 1.2700 0.0900
v 0.1300 1.2700 0.1900
v -0.1300 1.2700 0.1900
v 0.1300 1.2700 0.1900
v 0.1300 1.2700 0.0900
v 0.1300 1.5700 0.0900
v 0.1300 1.5700 0.1900
v -0.1300 1.2700 0.0900
v -0.1300 1.2700 0.1900
v -0.1300 1.5700 0.1900
v -0.1300 1.5700 0.0900
v 0.1439 1.3449 0.0800
v 0.1248 1.3508 0.1146
v 0.1991 1.6418 0.0887
v 0.2039 1.6403 0.0800
v 0.1248 1.3508 0.1146
v 0.0866 1.3626 0.1146
v 0.1896 1.6448 0.0887
v 0.1991 1.6418 0.0887
v 0.0866 1.3626 0.1146
v 0.0675 1.3685 0.0800
v 0.1848 1.6463 0.0800
v 0.1896 1.6448 0.0887
v 0.0675 1.3685 0.0800
v 0.0866 1.3626 0.0454
v 0.1896 1.6448 0.0713
v 0.1848 1.6463 0.0800
v 0.0866 1.3626 0.0454
v 0.1248 1.3508 0.0454
v 0.1991 1.6418 0.0713
v 0.1896 1.6448 0.0713
v 0.1248 1.3508 0.0454
v 0.1439 1.3449 0.0800
v 0.2039 1.6403 0.0800
v 0.1991 1.6418 0.0713
v -0.0675 1.3685 0.0800
v -0.0866 1.3626 0.1146
v -0.1896 1.6448 0.0887
v -0.1848 1.6463 0.0800
v -0.0866 1.3626 0.1146
v -0.1248 1.3508 0.1146
v -0.1991 1.6418 0.0887
v -0.1896 1.6448 0.0887
v -0.1248 1.3508 0.1146
v -0.1439 1.3449 0.0800
v -0.2039 1.6403 0.0800
v -0.1991 1.6418 0.0887
v -0.1439 1.3449 0.0800
v -0.1248 1.3508 0.0454
v -0.1991 1.6418 0.0713
v -0.2039 1.6403 0.0800
v -0.1248 1.3508 0.0454
v -0.0866 1.3626 0.0454
v -0.1896 1.6448 0.0713
v -0.1991 1.6418 0.0713
v -0.0866 1.3626 0.0454
v -0.0675 1.3685 0.0800
v -0.1848 1.6463 0.0800
v -0.1896 1.6448 0.0713
vn 0.0000 -1.0000 0.0000
vn 0.0000 -1.0000 0.0000
vn 0.0000 -1.0000 0.0000
vn -0.0000 -1.0000 0.0000
vn -0.0000 -1.0000 0.0000
vn -0.0000 -1.0000 0.0000
vn -0.0000 -1.0000 -0.0000
vn -0.0000 -1.0000 -0.0000
vn 0.0000 -1.0000 -0.0000
vn 0.0000 -1.0000 -0.0000
vn 0.0000 -1.0000 -0.0000
vn 0.3827 -0.9239 0.0000
vn 0.3096 -0.9239 0.2249
vn 0.1183 -0.9239 0.3640
vn -0.1183 -0.9239 0.3640
vn -0.3096 -0.9239 0.2249
vn -0.3827 -0.9239 0.0000
vn -0.3096 -0.9239 -0.2249
vn -0.1183 -0.9239 -0.3640
vn 0.1183 -0.9239 -0.3640
vn 0.3096 -0.9239 -0.2249
vn 0.3827 -0.9239 -0.0000
vn 0.7071 -0.7071 0.0000
vn 0.5721 -0.7071 0.4156
vn 0.2185 -0.7071 0.6725
vn -0.2185 -0.7071 0.6725
vn -0.5721 -0.7071 0.4156
vn -0.7071 -0.7071 0.0000
vn -0.5721 -0.7071 -0.4156
vn -0.2185 -0.7071 -0.6725
vn 0.2185 -0.7071 -0.6725
vn 0.5721 -0.7071 -0.4156
vn 0.7071 -0.7071 -0.0000
vn 0.9239 -0.3827 0.0000
vn 0.7474 -0.3827 0.5430
vn 0.2855 -0.3827 0.8787
vn -0.2855 -0.3827 0.8787
vn -0.7474 -0.3827 0.5430
vn -0.9239 -0.3827 0.0000
vn -0.7474 -0.3827 -0.5430
vn -0.2855 -0.3827 -0.8787
vn 0.2855 -0.3827 -0.8787
vn 0.7474 -0.3827 -0.5430
vn 0.9239 -0.3827 -0.0000
vn 1.0000 0.0000 0.0000
vn 0.8090 0.0000 0.5878
vn 0.3090 0.0000 0.9511
vn -0.3090 0.0000 0.9511
vn -0.8090 0.0000 0.5878
vn -1.0000 0.0000 0.0000
vn -0.8090 0.0000 -0.5878
vn -0.3090 0.0000 -0.9511
vn 0.3090 0.0000 -0.9511
vn 0.8090 0.0000 -0.5878
vn 1.0000 0.0000 -0.0000
vn 0.9239 0.3827 0.0000
vn 0.7474 0.3827 0.5430
vn 0.2855 0.3827 0.8787
vn -0.2855 0.3827 0.8787
vn -0.7474 0.3827 0.5430
vn -0.9239 0.3827 0.0000
vn -0.7474 0.3827 -0.5430
vn -0.2855 0.3827 -0.8787
vn 0.2855 0.3827 -0.8787
vn 0.7474 0.3827 -0.5430
vn 0.9239 0.3827 -0.0000
vn 0.7071 0.7071 0.0000
vn 0.5721 0.7071 0.4156
vn 0.2185 0.7071 0.6725
vn -0.2185 0.7071 0.6725
vn -0.5721 0.7071 0.4156
vn -0.7071 0.7071 0.0000
vn -0.5721 0.7071 -0.4156
vn -0.2185 0.7071 -0.6725
vn 0.2185 0.7071 -0.6725
vn 0.5721 0.7071 -0.4156
vn 0.7071 0.7071 -0.0000
vn 0.3827 0.9239 0.0000
vn 0.3096 0.9239 0.2249
vn 0.1183 0.9239 0.3640
vn -0.1183 0.9239 0.3640
vn -0.3096 0.9239 0.2249
vn -0.3827 0.9239 0.0000
vn -0.3096 0.9239 -0.2249
vn -0.1183 0.9239 -0.3640
vn 0.1183 0.9239 -0.3640
vn 0.3096 0.9239 -0.2249
vn 0.3827 0.9239 -0.0000
vn 0.0000 1.0000 0.0000
vn 0.0000 1.0000 0.0000
vn 0.0000 1.0000 0.0000
vn -0.0000 1.0000 0.0000
vn -0.0000 1.0000 0.0000
vn -0.0000 1.0000 0.0000
vn -0.0000 1.0000 -0.0000
vn -0.0000 1.0000 -0.0000
vn 0.0000 1.0000 -0.0000
vn 0.0000 1.0000 -0.0000
vn 0.0000 1.0000 -0.0000
vn 0.0000 0.0000 1.0000
vn 0.0000 0.0000 1.0000
vn 0.0000 0.0000 1.0000
vn 0.0000 0.0000 1.0000
vn 0.0000 0.0000 -1.0000
vn 0.0000 0.0000 -1.0000
vn 0.0000 0.0000 -1.0000
vn 0.0000 0.0000 -1.0000
vn 0.0000 1.0000 0.0000
vn 0.0000 1.0000 0.0000
vn 0.0000 1.0000 0.0000
vn 0.0000 1.0000 0.0000
vn 0.0000 -1.0000 0.0000
vn 0.0000 -1.0000 0.0000
vn 0.0000 -1.0000 0.0000
vn 0.0000 -1.0000 0.0000
vn 1.0000 0.0000 0.0000
vn 1.0000 0.0000 0.0000
vn 1.0000 0.0000 0.0000
vn 1.0000 0.0000 0.0000
vn -1.0000 0.0000 0.0000
vn -1.0000 0.0000 0.0000
vn -1.0000 0.0000 0.0000
vn -1.0000 0.0000 0.0000
vn 0.9553 -0.2955 0.0000
vn 0.4777 -0.1478 0.8660
vn 0.4777 -0.1478 0.8660
vn 0.9553 -0.2955 0.0000
vn 0.4777 -0.1478 0.8660
vn -0.4777 0.1478 0.8660
vn -0.4777 0.1478 0.8660
vn 0.4777 -0.1478 0.8660
vn -0.4777 0.1478 0.8660
vn -0.9553 0.2955 0.0000
vn -0.9553 0.2955 0.0000
vn -0.4777 0.1478 0.8660
vn -0.9553 0.2955 0.0000
vn -0.4777 0.1478 -0.8660
vn -0.4777 0.1478 -0.8660
vn -0.9553 0.2955 0.0000
vn -0.4777 0.1478 -0.8660
vn 0.4777 -0.1478 -0.8660
vn 0.4777 -0.1478 -0.8660
vn -0.4777 0.1478 -0.8660
vn 0.4777 -0.1478 -0.8660
vn 0.9553 -0.2955 0.0000
vn 0.9553 -0.2955 0.0000
vn 0.4777 -0.1478 -0.8660
vn 0.9553 0.2955 0.0000
vn 0.4777 0.1478 0.8660
vn 0.4777 0.1478 0.8660
vn 0.9553 0.2955 0.0000
vn 0.4777 0.1478 0.8660
vn -0.4777 -0.1478 0.8660
vn -0.4777 -0.1478 0.8660
vn 0.4777 0.1478 0.8660
vn -0.4777 -0.1478 0.8660
vn -0.9553 -0.2955 0.0000
vn -0.9553 -0.2955 0.0000
vn -0.4777 -0.1478 0.8660
vn -0.9553 -0.2955 0.0000
vn -0.4777 -0.1478 -0.8660
vn -0.4777 -0.1478 -0.8660
vn -0.9553 -0.2955 0.0000
vn -0.4777 -0.1478 -0.8660
vn 0.4777 0.1478 -0.8660
vn 0.4777 0.1478 -0.8660
vn -0.4777 -0.1478 -0.8660
vn 0.4777 0.1478 -0.8660
vn 0.9553 0.2955 0.0000
vn 0.9553 0.2955 0.0000
vn 0.4777 0.1478 -0.8660
vt 0.0000 0.0000
vt 0.1000 0.0000
vt 0.2000 0.0000
vt 0.3000 0.0000
vt 0.4000 0.0000
vt 0.5000 0.0000
vt 0.6000 0.0000
vt 0.7000 0.0000
vt 0.8000 0.0000
vt 0.9000 0.0000
vt 1.0000 0.0000
vt 0.0000 0.1250
vt 0.1000 0.1250
vt 0.2000 0.1250
vt 0.3000 0.1250
vt 0.4000 0.1250
vt 0.5000 0.1250
vt 0.6000 0.1250
vt 0.7000 0.1250
vt 0.8000 0.1250
vt 0.9000 0.1250
vt 1.0000 0.1250
vt 0.0000 0.2500
vt 0.1000 0.2500
vt 0.2000 0.2500
vt 0.3000 0.2500
vt 0.4000 0.2500
vt 0.5000 0.2500
vt 0.6000 0.2500
vt 0.7000 0.2500
vt 0.8000 0.2500
vt 0.9000 0.2500
vt 1.0000 0.2500
vt 0.0000 0.3750
vt 0.1000 0.3750
vt 0.2000 0.3750
vt 0.3000 0.3750
vt 0.4000 0.3750
vt 0.5000 0.3750
vt 0.6000 0.3750
vt 0.7000 0.3750
vt 0.8000 0.3750
vt 0.9000 0.3750
vt 1.0000 0.3750
vt 0.0000 0.5000
vt 0.1000 0.5000
vt 0.2000 0.5000
vt 0.3000 0.5000
vt 0.4000 0.5000
vt 0.5000 0.5000
vt 0.6000 0.5000
vt 0.7000 0.5000
vt 0.8000 0.5000
vt 0.9000 0.5000
vt 1.0000 0.5000
vt 0.0000 0.6250
vt 0.1000 0.6250
vt 0.2000 0.6250
vt 0.3000 0.6250
vt 0.4000 0.6250
vt 0.5000 0.6250
vt 0.6000 0.6250
vt 0.7000 0.6250
vt 0.8000 0.6250
vt 0.9000 0.6250
vt 1.0000 0.6250
vt 0.0000 0.7500
vt 0.1000 0.7500
vt 0.2000 0.7500
vt 0.3000 0.7500
vt 0.4000 0.7500
vt 0.5000 0.7500
vt 0.6000 0.7500
vt 0.7000 0.7500
vt 0.8000 0.7500
vt 0.9000 0.7500
vt 1.0000 0.7500
vt 0.0000 0.8750
vt 0.1000 0.8750
vt 0.2000 0.8750
vt 0.3000 0.8750
vt 0.4000 0.8750
vt 0.5000 0.8750
vt 0.6000 0.8750
vt 0.7000 0.8750
vt 0.8000 0.8750
vt 0.9000 0.8750
vt 1.0000 0.8750
vt 0.0000 1.0000
vt 0.1000 1.0000
vt 0.2000 1.0000
vt 0.3000 1.0000
vt 0.4000 1.0000
vt 0.5000 1.0000
vt 0.6000 1.0000
vt 0.7000 1.0000
vt 0.8000 1.0000
vt 0.9000 1.0000
vt 1.0000 1.0000
vt 0.0000 0.0000
vt 1.0000 0.0000
vt 1.0000 1.0000
vt 0.0000 1.0000
vt 0.0000 0.0000
vt 1.0000 0.0000
vt 1.0000 1.0000
vt 0.0000 1.0000
vt 0.0000 0.0000
vt 1.0000 0.0000
vt 1.0000 1.0000
vt 0.0000 1.0000
vt 0.0000 0.0000
vt 1.0000 0.0000
vt 1.0000 1.0000
vt 0.0000 1.0000
vt 0.0000 0.0000
vt 1.0000 0.0000
vt 1.0000 1.0000
vt 0.0000 1.0000
vt 0.0000 0.0000
vt 1.0000 0.0000
vt 1.0000 1.0000
vt 0.0000 1.0000
vt 0.0000 0.0000
vt 0.1667 0.0000
vt 0.1667 1.0000
vt 0.0000 1.0000
vt 0.1667 0.0000
vt 0.3333 0.0000
vt 0.3333 1.0000
vt 0.1667 1.0000
vt 0.3333 0.0000
vt 0.5000 0.0000
vt 0.5000 1.0000
vt 0.3333 1.0000
vt 0.5000 0.0000
vt 0.6667 0.0000
vt 0.6667 1.0000
vt 0.5000 1.0000
vt 0.6667 0.0000
vt 0.8333 0.0000
vt 0.8333 1.0000
vt 0.6667 1.0000
vt 0.8333 0.0000
vt 1.0000 0.0000
vt 1.0000 1.0000
vt 0.8333 1.0000
vt 0.0000 0.0000
vt 0.1667 0.0000
vt 0.1667 1.0000
vt 0.0000 1.0000
vt 0.1667 0.0000
vt 0.3333 0.0000
vt 0.3333 1.0000
vt 0.1667 1.0000
vt 0.3333 0.0000
vt 0.5000 0.0000
vt 0.5000 1.0000
vt 0.3333 1.0000
vt 0.5000 0.0000
vt 0.6667 0.0000
vt 0.6667 1.0000
vt 0.5000 1.0000
vt 0.6667 0.0000
vt 0.8333 0.0000
vt 0.8333 1.0000
vt 0.6667 1.0000
vt 0.8333 0.0000
vt 1.0000 0.0000
vt 1.0000 1.0000
vt 0.8333 1.0000
f 129/129/129 140/140/140 130/130/130
f 130/130/130 140/140/140 141/141/141
f 130/130/130 141/141/141 131/131/131
f 131/131/131 141/141/141 142/142/142
f 131/131/131 142/142/142 132/132/132
f 132/132/132 142/142/142 143/143/143
f 132/132/132 143/143/143 133/133/133
f 133/133/133 143/143/143 144/144/144
f 133/133/133 144/144/144 134/134/134
f 134/134/134 144/144/144 145/145/145
f 134/134/134 145/145/145 135/135/135
f 135/135/135 145/145/145 146/146/146
f 135/135/135 146/146/146 136/136/136
f 136/136/136 146/146/146 147/147/147
f 136/136/136 147/147/147 137/137/137
f 137/137/137 147/147/147 148/148/148
f 137/137/137 148/148/148 138/138/138
f 138/138/138 148/148/148 149/149/149
f 138/138/138 149/149/149 139/139/139
f 139/139/139 149/149/149 150/150/150
f 140/140/140 151/151/151 141/141/141
f 141/141/141 151/151/151 152/152/152
f 141/141/141 152/152/152 142/142/142
f 142/142/142 152/152/152 153/153/153
f 142/142/142 153/153/153 143/143/143
f 143/143/143 153/153/153 154/154/154
f 143/143/143 154/154/154 144/144/144
f 144/144/144 154/154/154 155/155/155
f 144/144/144 155/155/155 145/145/145
f 145/145/145 155/155/155 156/156/156
f 145/145/145 156/156/156 146/146/146
f 146/146/146 156/156/156 157/157/157
f 146/146/146 157/157/157 147/147/147
f 147/147/147 157/157/157 158/158/158
f 147/147/147 158/158/158 148/148/148
f 148/148/148 158/158/158 159/159/159
f 148/148/148 159/159/159 149/149/149
f 149/149/149 159/159/159 160/160/160
f 149/149/149 160/160/160 150/150/150
f 150/150/150 160/160/160 161/161/161
f 151/151/151 162/162/162 152/152/152
f 152/152/152 162/162/162 163/163/163
f 152/152/152 163/163/163 153/153/153
f 153/153/153 163/163/163 164/164/164
f 153/153/153 164/164/164 154/154/154
f 154/154/154 164/164/164 165/165/165
f 154/154/154 165/165/165 155/155/155
f 155/155/155 165/165/165 166/166/166
f 155/155/155 166/166/166 156/156/156
f 156/156/156 166/166/166 167/167/167
f 156/156/156 167/167/167 157/157/157
f 157/157/157 167/167/167 168/168/168
f 157/157/157 168/168/168 158/158/158
f 158/158/158 168/168/168 169/169/169
f 158/158/158 169/169/169 159/159/159
f 159/159/159 169/169/169 170/170/170
f 159/159/159 170/170/170 160/160/160
f 160/160/160 170/170/170 171/171/171
f 160/160/160 171/171/171 161/161/161
f 161/161/161 171/171/171 172/172/172
f 162/162/162 173/173/173 163/163/163
f 163/163/163 173/173/173 174/174/174
f 163/163/163 174/174/174 164/164/164
f 164/164/164 174/174/174 175/175/175
f 164/164/164 175/175/175 165/165/165
f 165/165/165 175/175/175 176/176/176
f 165/165/165 176/176/176 166/166/166
f 166/166/166 176/176/176 177/177/177
f 166/166/166 177/177/177 167/167/167
f 167/167/167 177/177/177 178/178/178
f 167/167/167 178/178/178 168/168/168
f 168/168/168 178/178/178 179/179/179
f 168/168/168 179/179/179 169/169/169
f 169/169/169 179/179/179 180/180/180
f 169/169/169 180/180/180 170/170/170
f 170/170/170 180/180/180 181/181/181
f 170/170/170 181/181/181 171/171/171
f 171/171/171 181/181/181 182/182/182
f 171/171/171 182/182/182 172/172/172
f 172/172/172 182/182/182 183/183/183
f 173/173/173 184/184/184 174/174/174
f 174/174/174 184/184/184 185/185/185
f 174/174/174 185/185/185 175/175/175
f 175/175/175 185/185/185 186/186/186
f 175/175/175 186/186/186 176/176/176
f 176/176/176 186/186/186 187/187/187
f 176/176/176 187/187/187 177/177/177
f 177/177/177 187/187/187 188/188/188
f 177/177/177 188/188/188 178/178/178
f 178/178/178 188/188/188 189/189/189
f 178/178/178 189/189/189 179/179/179
f 179/179/179 189/189/189 190/190/190
f 179/179/179 190/190/190 180/180/180
f 180/180/180 190/190/190 191/191/191
f 180/180/180 191/191/191 181/181/181
f 181/181/181 191/191/191 192/192/192
f 181/181/181 192/192/192 182/182/182
f 182/182/182 192/192/192 193/193/193
f 182/182/182 193/193/193 183/183/183
f 183/183/183 193/193/193 194/194/194
f 184/184/184 195/195/195 185/185/185
f 185/185/185 195/195/195 196/196/196
f 185/185/185 196/196/196 186/186/186
f 186/186/186 196/196/196 197/197/197
f 186/186/186 197/197/197 187/187/187
f 187/187/187 197/197/197 198/198/198
f 187/187/187 198/198/198 188/188/188
f 188/188/188 198/198/198 199/199/199
f 188/188/188 199/199/199 189/189/189
f 189/189/189 199/199/199 200/200/200
f 189/189/189 200/200/200 190/190/190
f 190/190/190 200/200/200 201/201/201
f 190/190/190 201/201/201 191/191/191
f 191/191/191 201/201/201 202/202/202
f 191/191/191 202/202/202 192/192/192
f 192/192/192 202/202/202 203/203/203
f 192/192/192 203/203/203 193/193/193
f 193/193/193 203/203/203 204/204/204
f 193/193/193 204/204/204 194/194/194
f 194/194/194 204/204/204 205/205/205
f 195/195/195 206/206/206 196/196/196
f 196/196/196 206/206/206 207/207/207
f 196/196/196 207/207/207 197/197/197
f 197/197/197 207/207/207 208/208/208
f 197/197/197 208/208/208 198/198/198
f 198/198/198 208/208/208 209/209/209
f 198/198/198 209/209/209 199/199/199
f 199/199/199 209/209/209 210/210/210
f 199/199/199 210/210/210 200/200/200
f 200/200/200 210/210/210 211/211/211
f 200/200/200 211/211/211 201/201/201
f 201/201/201 211/211/211 212/212/212
f 201/201/201 212/212/212 202/202/202
f 202/202/202 212/212/212 213/213/213
f 202/202/202 213/213/213 203/203/203
f 203/203/203 213/213/213 214/214/214
f 203/203/203 214/214/214 204/204/204
f 204/204/204 214/214/214 215/215/215
f 204/204/204 215/215/215 205/205/205
f 205/205/205 215/215/215 216/216/216
f 206/206/206 217/217/217 207/207/207
f 207/207/207 217/217/217 218/218/218
f 207/207/207 218/218/218 208/208/208
f 208/208/208 218/218/218 219/219/219
f 208/208/208 219/219/219 209/209/209
f 209/209/209 219/219/219 220/220/220
f 209/209/209 220/220/220 210/210/210
f 210/210/210 220/220/220 221/221/221
f 210/210/210 221/221/221 211/211/211
f 211/211/211 221/221/221 222/222/222
f 211/211/211 222/222/222 212/212/212
f 212/212/212 222/222/222 223/223/223
f 212/212/212 223/223/223 213/213/213
f 213/213/213 223/223/223 224/224/224
f 213/213/213 224/224/224 214/214/214
f 214/214/214 224/224/224 225/225/225
f 214/214/214 225/225/225 215/215/215
f 215/215/215 225/225/225 226/226/226
f 215/215/215 226/226/226 216/216/216
f 216/216/216 226/226/226 227/227/227
f 228/228/228 229/229/229 230/230/230
f 228/228/228 230/230/230 231/231/231
f 232/232/232 233/233/233 234/234/234
f 232/232/232 234/234/234 235/235/235
f 236/236/236 237/237/237 238/238/238
f 236/236/236 238/238/238 239/239/239
f 240/240/240 241/241/241 242/242/242
f 240/240/240 242/242/242 243/243/243
f 244/244/244 245/245/245 246/246/246
f 244/244/244 246/246/246 247/247/247
f 248/248/248 249/249/249 250/250/250
f 248/248/248 250/250/250 251/251/251
f 252/252/252 253/253/253 254/254/254
f 252/252/252 254/254/254 255/255/255
f 256/256/256 257/257/257 258/258/258
f 256/256/256 258/258/258 259/259/259
f 260/260/260 261/261/261 262/262/262
f 260/260/260 262/262/262 263/263/263
f 264/264/264 265/265/265 266/266/266
f 264/264/264 266/266/266 267/267/267
f 268/268/268 269/269/269 270/270/270
f 268/268/268 270/270/270 271/271/271
f 272/272/272 273/273/273 274/274/274
f 272/272/272 274/274/274 275/275/275
f 276/276/276 277/277/277 278/278/278
f 276/276/276 278/278/278 279/279/279
f 280/280/280 281/281/281 282/282/282
f 280/280/280 282/282/282 283/283/283
f 284/284/284 285/285/285 286/286/286
f 284/284/284 286/286/286 287/287/287
f 288/288/288 289/289/289 290/290/290
f 288/288/288 290/290/290 291/291/291
f 292/292/292 293/293/293 294/294/294
f 292/292/292 294/294/294 295/295/295
f 296/296/296 297/297/297 298/298/298
f 296/296/296 298/298/298 299/299/299
g Headdress
usemtl ShamanFeather
v 0.0000 1.5500 0.0000
v -0.0600 1.8100 0.0000
v 0.0000 2.2000 0.0000
v 0.0600 1.8100 0.0000
v 0.0000 1.5500 0.0000
v -0.0600 1.8100 0.0000
v 0.0000 2.2000 0.0000
v 0.0600 1.8100 0.0000
v -0.0500 1.5500 0.0000
v -0.0489 1.7768 0.0000
v 0.0861 2.0829 0.0000
v 0.0577 1.7496 0.0000
v -0.0500 1.5500 0.0000
v -0.0489 1.7768 0.0000
v 0.0861 2.0829 0.0000
v 0.0577 1.7496 0.0000
v 0.0500 1.5500 0.0000
v -0.0577 1.7496 0.0000
v -0.0861 2.0829 0.0000
v 0.0489 1.7768 0.0000
v 0.0500 1.5500 0.0000
v -0.0577 1.7496 0.0000
v -0.0861 2.0829 0.0000
v 0.0489 1.7768 0.0000
v -0.1000 1.5500 0.0000
v -0.0576 1.7319 0.0000
v 0.1157 1.9449 0.0000
v 0.0302 1.6840 0.0000
v -0.1000 1.5500 0.0000
v -0.0576 1.7319 0.0000
v 0.1157 1.9449 0.0000
v 0.0302 1.6840 0.0000
v 0.1000 1.5500 0.0000
v -0.0302 1.6840 0.0000
v -0.1157 1.9449 0.0000
v 0.0576 1.7319 0.0000
v 0.1000 1.5500 0.0000
v -0.0302 1.6840 0.0000
v -0.1157 1.9449 0.0000
v 0.0576 1.7319 0.0000
v 0.1800 1.4700 0.0000
v 0.1273 1.4700 0.1273
v 0.1131 1.5500 0.1131
v 0.1600 1.5500 0.0000
v 0.1273 1.4700 0.1273
v 0.0000 1.4700 0.1800
v 0.0000 1.5500 0.1600
v 0.1131 1.5500 0.1131
v 0.0000 1.4700 0.1800
v -0.1273 1.4700 0.1273
v -0.1131 1.5500 0.1131
v 0.0000 1.5500 0.1600
v -0.1273 1.4700 0.1273
v -0.1800 1.4700 0.0000
v -0.1600 1.5500 0.0000
v -0.1131 1.5500 0.1131
v -0.1800 1.4700 0.0000
v -0.1273 1.4700 -0.1273
v -0.1131 1.5500 -0.1131
v -0.1600 1.5500 0.0000
v -0.1273 1.4700 -0.1273
v -0.0000 1.4700 -0.1800
v -0.0000 1.5500 -0.1600
v -0.1131 1.5500 -0.1131
v -0.0000 1.4700 -0.1800
v 0.1273 1.4700 -0.1273
v 0.1131 1.5500 -0.1131
v -0.0000 1.5500 -0.1600
v 0.1273 1.4700 -0.1273
v 0.1800 1.4700 0.0000
v 0.1600 1.5500 0.0000
v 0.1131 1.5500 -0.1131
vn -0.0000 1.0000 1.0000
vn -0.0000 1.0000 1.0000
vn -0.0000 1.0000 1.0000
vn -0.0000 1.0000 1.0000
vn -0.0000 1.0000 -1.0000
vn -0.0000 1.0000 -1.0000
vn -0.0000 1.0000 -1.0000
vn -0.0000 1.0000 -1.0000
vn 0.2474 0.9689 1.0000
vn 0.2474 0.9689 1.0000
vn 0.2474 0.9689 1.0000
vn 0.2474 0.9689 1.0000
vn 0.2474 0.9689 -1.0000
vn 0.2474 0.9689 -1.0000
vn 0.2474 0.9689 -1.0000
vn 0.2474 0.9689 -1.0000
vn -0.2474 0.9689 1.0000
vn -0.2474 0.9689 1.0000
vn -0.2474 0.9689 1.0000
vn -0.2474 0.9689 1.0000
vn -0.2474 0.9689 -1.0000
vn -0.2474 0.9689 -1.0000
vn -0.2474 0.9689 -1.0000
vn -0.2474 0.9689 -1.0000
vn 0.4794 0.8776 1.0000
vn 0.4794 0.8776 1.0000
vn 0.4794 0.8776 1.0000
vn 0.4794 0.8776 1.0000
vn 0.4794 0.8776 -1.0000
vn 0.4794 0.8776 -1.0000
vn 0.4794 0.8776 -1.0000
vn 0.4794 0.8776 -1.0000
vn -0.4794 0.8776 1.0000
vn -0.4794 0.8776 1.0000
vn -0.4794 0.8776 1.0000
vn -0.4794 0.8776 1.0000
vn -0.4794 0.8776 -1.0000
vn -0.4794 0.8776 -1.0000
vn -0.4794 0.8776 -1.0000
vn -0.4794 0.8776 -1.0000
vn 1.0000 0.0000 0.0000
vn 0.7071 0.0000 0.7071
vn 0.7071 0.0000 0.7071
vn 1.0000 0.0000 0.0000
vn 0.7071 0.0000 0.7071
vn 0.0000 0.0000 1.0000
vn 0.0000 0.0000 1.0000
vn 0.7071 0.0000 0.7071
vn 0.0000 0.0000 1.0000
vn -0.7071 0.0000 0.7071
vn -0.7071 0.0000 0.7071
vn 0.0000 0.0000 1.0000
vn -0.7071 0.0000 0.7071
vn -1.0000 0.0000 0.0000
vn -1.0000 0.0000 0.0000
vn -0.7071 0.0000 0.7071
vn -1.0000 0.0000 0.0000
vn -0.7071 0.0000 -0.7071
vn -0.7071 0.0000 -0.7071
vn -1.0000 0.0000 0.0000
vn -0.7071 0.0000 -0.7071
vn -0.0000 0.0000 -1.0000
vn -0.0000 0.0000 -1.0000
vn -0.7071 0.0000 -0.7071
vn -0.0000 0.0000 -1.0000
vn 0.7071 0.0000 -0.7071
vn 0.7071 0.0000 -0.7071
vn -0.0000 0.0000 -1.0000
vn 0.7071 0.0000 -0.7071
vn 1.0000 0.0000 0.0000
vn 1.0000 0.0000 0.0000
vn 0.7071 0.0000 -0.7071
vt 0.5000 0.0000
vt 0.0000 0.4000
vt 0.5000 1.0000
vt 1.0000 0.4000
vt 0.5000 0.0000
vt 0.0000 0.4000
vt 0.5000 1.0000
vt 1.0000 0.4000
vt 0.5000 0.0000
vt 0.0000 0.4000
vt 0.5000 1.0000
vt 1.0000 0.4000
vt 0.5000 0.0000
vt 0.0000 0.4000
vt 0.5000 1.0000
vt 1.0000 0.4000
vt 0.5000 0.0000
vt 0.0000 0.4000
vt 0.5000 1.0000
vt 1.0000 0.4000
vt 0.5000 0.0000
vt 0.0000 0.4000
vt 0.5000 1.0000
vt 1.0000 0.4000
vt 0.5000 0.0000
vt 0.0000 0.4000
vt 0.5000 1.0000
vt 1.0000 0.4000
vt 0.5000 0.0000
vt 0.0000 0.4000
vt 0.5000 1.0000
vt 1.0000 0.4000
vt 0.5000 0.0000
vt 0.0000 0.4000
vt 0.5000 1.0000
vt 1.0000 0.4000
vt 0.5000 0.0000
vt 0.0000 0.4000
vt 0.5000 1.0000
vt 1.0000 0.4000
vt 0.0000 0.0000
vt 0.1250 0.0000
vt 0.1250 1.0000
vt 0.0000 1.0000
vt 0.1250 0.0000
vt 0.2500 0.0000
vt 0.2500 1.0000
vt 0.1250 1.0000
vt 0.2500 0.0000
vt 0.3750 0.0000
vt 0.3750 1.0000
vt 0.2500 1.0000
vt 0.3750 0.0000
vt 0.5000 0.0000
vt 0.5000 1.0000
vt 0.3750 1.0000
vt 0.5000 0.0000
vt 0.6250 0.0000
vt 0.6250 1.0000
vt 0.5000 1.0000
vt 0.6250 0.0000
vt 0.7500 0.0000
vt 0.7500 1.0000
vt 0.6250 1.0000
vt 0.7500 0.0000
vt 0.8750 0.0000
vt 0.8750 1.0000
vt 0.7500 1.0000
vt 0.8750 0.0000
vt 1.0000 0.0000
vt 1.0000 1.0000
vt 0.8750 1.0000
f 300/300/300 301/301/301 302/302/302
f 300/300/300 302/302/302 303/303/303
f 304/304/304 306/306/306 305/305/305
f 304/304/304 307/307/307 306/306/306
f 308/308/308 309/309/309 310/310/310
f 308/308/308 310/310/310 311/311/311
f 312/312/312 314/314/314 313/313/313
f 312/312/312 315/315/315 314/314/314
f 316/316/316 317/317/317 318/318/318
f 316/316/316 318/318/318 319/319/319
f 320/320/320 322/322/322 321/321/321
f 320/320/320 323/323/323 322/322/322
f 324/324/324 325/325/325 326/326/326
f 324/324/324 326/326/326 327/327/327
f 328/328/328 330/330/330 329/329/329
f 328/328/328 331/331/331 330/330/330
f 332/332/332 333/333/333 334/334/334
f 332/332/332 334/334/334 335/335/335
f 336/336/336 338/338/338 337/337/337
f 336/336/336 339/339/339 338/338/338
f 340/340/340 341/341/341 342/342/342
f 340/340/340 342/342/342 343/343/343
f 344/344/344 345/345/345 346/346/346
f 344/344/344 346/346/346 347/347/347
f 348/348/348 349/349/349 350/350/350
f 348/348/348 350/350/350 351/351/351
f 352/352/352 353/353/353 354/354/354
f 352/352/352 354/354/354 355/355/355
f 356/356/356 357/357/357 358/358/358
f 356/356/356 358/358/358 359/359/359
f 360/360/360 361/361/361 362/362/362
f 360/360/360 362/362/362 363/363/363
f 364/364/364 365/365/365 366/366/366
f 364/364/364 366/366/366 367/367/367
f 368/368/368 369/369/369 370/370/370
f 368/368/368 370/370/370 371/371/371
g ArmL
usemtl ShamanSkin
v 0.3400 0.8050 0.0000
v 0.3224 0.8050 0.0424
v 0.3295 1.0550 0.0495
v 0.3500 1.0550 0.0000
v 0.3224 0.8050 0.0424
v 0.2800 0.8050 0.0600
v 0.2800 1.0550 0.0700
v 0.3295 1.0550 0.0495
v 0.2800 0.8050 0.0600
v 0.2376 0.8050 0.0424
v 0.2305 1.0550 0.0495
v 0.2800 1.0550 0.0700
v 0.2376 0.8050 0.0424
v 0.2200 0.8050 0.0000
v 0.2100 1.0550 0.0000
v 0.2305 1.0550 0.0495
v 0.2200 0.8050 0.0000
v 0.2376 0.8050 -0.0424
v 0.2305 1.0550 -0.0495
v 0.2100 1.0550 0.0000
v 0.2376 0.8050 -0.0424
v 0.2800 0.8050 -0.0600
v 0.2800 1.0550 -0.0700
v 0.2305 1.0550 -0.0495
v 0.2800 0.8050 -0.0600
v 0.3224 0.8050 -0.0424
v 0.3295 1.0550 -0.0495
v 0.2800 1.0550 -0.0700
v 0.3224 0.8050 -0.0424
v 0.3400 0.8050 0.0000
v 0.3500 1.0550 0.0000
v 0.3295 1.0550 -0.0495
v 0.3300 0.6050 0.0000
v 0.3154 0.6050 0.0354
v 0.3224 0.8550 0.0424
v 0.3400 0.8550 0.0000
v 0.3154 0.6050 0.0354
v 0.2800 0.6050 0.0500
v 0.2800 0.8550 0.0600
v 0.3224 0.8550 0.0424
v 0.2800 0.6050 0.0500
v 0.2446 0.6050 0.0354
v 0.2376 0.8550 0.0424
v 0.2800 0.8550 0.0600
v 0.2446 0.6050 0.0354
v 0.2300 0.6050 0.0000
v 0.2200 0.8550 0.0000
v 0.2376 0.8550 0.0424
v 0.2300 0.6050 0.0000
v 0.2446 0.6050 -0.0354
v 0.2376 0.8550 -0.0424
v 0.2200 0.8550 0.0000
v 0.2446 0.6050 -0.0354
v 0.2800 0.6050 -0.0500
v 0.2800 0.8550 -0.0600
v 0.2376 0.8550 -0.0424
v 0.2800 0.6050 -0.0500
v 0.3154 0.6050 -0.0354
v 0.3224 0.8550 -0.0424
v 0.2800 0.8550 -0.0600
v 0.3154 0.6050 -0.0354
v 0.3300 0.6050 0.0000
v 0.3400 0.8550 0.0000
v 0.3224 0.8550 -0.0424
v 0.2800 0.5350 0.0000
v 0.2800 0.5350 0.0000
v 0.2800 0.5350 0.0000
v 0.2800 0.5350 0.0000
v 0.2800 0.5350 0.0000
v 0.2800 0.5350 0.0000
v 0.2800 0.5350 -0.0000
v 0.2800 0.5350 -0.0000
v 0.2800 0.5350 -0.0000
v 0.2800 0.5350 -0.0000
v 0.2800 0.5350 -0.0000
v 0.3010 0.5392 0.0000
v 0.2970 0.5392 0.0124
v 0.2865 0.5392 0.0200
v 0.2735 0.5392 0.0200
v 0.2630 0.5392 0.0124
v 0.2590 0.5392 0.0000
v 0.2630 0.5392 -0.0124
v 0.2735 0.5392 -0.0200
v 0.2865 0.5392 -0.0200
v 0.2970 0.5392 -0.0124
v 0.3010 0.5392 -0.0000
v 0.3189 0.5511 0.0000
v 0.3115 0.5511 0.0229
v 0.2920 0.5511 0.0370
v 0.2680 0.5511 0.0370
v 0.2485 0.5511 0.0229
v 0.2411 0.5511 0.0000
v 0.2485 0.5511 -0.0229
v 0.2680 0.5511 -0.0370
v 0.2920 0.5511 -0.0370
v 0.3115 0.5511 -0.0229
v 0.3189 0.5511 -0.0000
v 0.3308 0.5690 0.0000
v 0.3211 0.5690 0.0299
v 0.2957 0.5690 0.0483
v 0.2643 0.5690 0.0483
v 0.2389 0.5690 0.0299
v 0.2292 0.5690 0.0000
v 0.2389 0.5690 -0.0299
v 0.2643 0.5690 -0.0483
v 0.2957 0.5690 -0.0483
v 0.3211 0.5690 -0.0299
v 0.3308 0.5690 -0.0000
v 0.3350 0.5900 0.0000
v 0.3245 0.5900 0.0323
v 0.2970 0.5900 0.0523
v 0.2630 0.5900 0.0523
v 0.2355 0.5900 0.0323
v 0.2250 0.5900 0.0000
v 0.2355 0.5900 -0.0323
v 0.2630 0.5900 -0.0523
v 0.2970 0.5900 -0.0523
v 0.3245 0.5900 -0.0323
v 0.3350 0.5900 -0.0000
v 0.3308 0.6110 0.0000
v 0.3211 0.6110 0.0299
v 0.2957 0.6110 0.0483
v 0.2643 0.6110 0.0483
v 0.2389 0.6110 0.0299
v 0.2292 0.6110 0.0000
v 0.2389 0.6110 -0.0299
v 0.2643 0.6110 -0.0483
v 0.2957 0.6110 -0.0483
v 0.3211 0.6110 -0.0299
v 0.3308 0.6110 -0.0000
v 0.3189 0.6289 0.0000
v 0.3115 0.6289 0.0229
v 0.2920 0.6289 0.0370
v 0.2680 0.6289 0.0370
v 0.2485 0.6289 0.0229
v 0.2411 0.6289 0.0000
v 0.2485 0.6289 -0.0229
v 0.2680 0.6289 -0.0370
v 0.2920 0.6289 -0.0370
v 0.3115 0.6289 -0.0229
v 0.3189 0.6289 -0.0000
v 0.3010 0.6408 0.0000
v 0.2970 0.6408 0.0124
v 0.2865 0.6408 0.0200
v 0.2735 0.6408 0.0200
v 0.2630 0.6408 0.0124
v 0.2590 0.6408 0.0000
v 0.2630 0.6408 -0.0124
v 0.2735 0.6408 -0.0200
v 0.2865 0.6408 -0.0200
v 0.2970 0.6408 -0.0124
v 0.3010 0.6408 -0.0000
v 0.2800 0.6450 0.0000
v 0.2800 0.6450 0.0000
v 0.2800 0.6450 0.0000
v 0.2800 0.6450 0.0000
v 0.2800 0.6450 0.0000
v 0.2800 0.6450 0.0000
v 0.2800 0.6450 -0.0000
v 0.2800 0.6450 -0.0000
v 0.2800 0.6450 -0.0000
v 0.2800 0.6450 -0.0000
v 0.2800 0.6450 -0.0000
vn 1.0000 0.0000 0.0000
vn 0.7071 0.0000 0.7071
vn 0.7071 0.0000 0.7071
vn 1.0000 0.0000 0.0000
vn 0.7071 0.0000 0.7071
vn 0.0000 0.0000 1.0000
vn 0.0000 0.0000 1.0000
vn 0.7071 0.0000 0.7071
vn 0.0000 0.0000 1.0000
vn -0.7071 0.0000 0.7071
vn -0.7071 0.0000 0.7071
vn 0.0000 0.0000 1.0000
vn -0.7071 0.0000 0.7071
vn -1.0000 0.0000 0.0000
vn -1.0000 0.0000 0.0000
vn -0.7071 0.0000 0.7071
vn -1.0000 0.0000 0.0000
vn -0.7071 0.0000 -0.7071
vn -0.7071 0.0000 -0.7071
vn -1.0000 0.0000 0.0000
vn -0.7071 0.0000 -0.7071
vn -0.0000 0.0000 -1.0000
vn -0.0000 0.0000 -1.0000
vn -0.7071 0.0000 -0.7071
vn -0.0000 0.0000 -1.0000
vn 0.7071 0.0000 -0.7071
vn 0.7071 0.0000 -0.7071
vn -0.0000 0.0000 -1.0000
vn 0.7071 0.0000 -0.7071
vn 1.0000 0.0000 0.0000
vn 1.0000 0.0000 0.0000
vn 0.7071 0.0000 -0.7071
vn 1.0000 0.0000 0.0000
vn 0.7071 0.0000 0.7071
vn 0.7071 0.0000 0.7071
vn 1.0000 0.0000 0.0000
vn 0.7071 0.0000 0.7071
vn 0.0000 0.0000 1.0000
vn 0.0000 0.0000 1.0000
vn 0.7071 0.0000 0.7071
vn 0.0000 0.0000 1.0000
vn -0.7071 0.0000 0.7071
vn -0.7071 0.0000 0.7071
vn 0.0000 0.0000 1.0000
vn -0.7071 0.0000 0.7071
vn -1.0000 0.0000 0.0000
vn -1.0000 0.0000 0.0000
vn -0.7071 0.0000 0.7071
vn -1.0000 0.0000 0.0000
vn -0.7071 0.0000 -0.7071
vn -0.7071 0.0000 -0.7071
vn -1.0000 0.0000 0.0000
vn -0.7071 0.0000 -0.7071
vn -0.0000 0.0000 -1.0000
vn -0.0000 0.0000 -1.0000
vn -0.7071 0.0000 -0.7071
vn -0.0000 0.0000 -1.0000
vn 0.7071 0.0000 -0.7071
vn 0.7071 0.0000 -0.7071
vn -0.0000 0.0000 -1.0000
vn 0.7071 0.0000 -0.7071
vn 1.0000 0.0000 0.0000
vn 1.0000 0.0000 0.0000
vn 0.7071 0.0000 -0.7071
vn 0.0000 -1.0000 0.0000
vn 0.0000 -1.0000 0.0000
vn 0.0000 -1.0000 0.0000
vn -0.0000 -1.0000 0.0000
vn -0.0000 -1.0000 0.0000
vn -0.0000 -1.0000 0.0000
vn -0.0000 -1.0000 -0.0000
vn -0.0000 -1.0000 -0.0000
vn 0.0000 -1.0000 -0.0000
vn 0.0000 -1.0000 -0.0000
vn 0.0000 -1.0000 -0.0000
vn 0.3827 -0.9239 0.0000
vn 0.3096 -0.9239 0.2249
vn 0.1183 -0.9239 0.3640
vn -0.1183 -0.9239 0.3640
vn -0.3096 -0.9239 0.2249
vn -0.3827 -0.9239 0.0000
vn -0.3096 -0.9239 -0.2249
vn -0.1183 -0.9239 -0.3640
vn 0.1183 -0.9239 -0.3640
vn 0.3096 -0.9239 -0.2249
vn 0.3827 -0.9239 -0.0000
vn 0.7071 -0.7071 0.0000
vn 0.5721 -0.7071 0.4156
vn 0.2185 -0.7071 0.6725
vn -0.2185 -0.7071 0.6725
vn -0.5721 -0.7071 0.4156
vn -0.7071 -0.7071 0.0000
vn -0.5721 -0.7071 -0.4156
vn -0.2185 -0.7071 -0.6725
vn 0.2185 -0.7071 -0.6725
vn 0.5721 -0.7071 -0.4156
vn 0.7071 -0.7071 -0.0000
vn 0.9239 -0.3827 0.0000
vn 0.7474 -0.3827 0.5430
vn 0.2855 -0.3827 0.8787
vn -0.2855 -0.3827 0.8787
vn -0.7474 -0.3827 0.5430
vn -0.9239 -0.3827 0.0000
vn -0.7474 -0.3827 -0.5430
vn -0.2855 -0.3827 -0.8787
vn 0.2855 -0.3827 -0.8787
vn 0.7474 -0.3827 -0.5430
vn 0.9239 -0.3827 -0.0000
vn 1.0000 0.0000 0.0000
vn 0.8090 0.0000 0.5878
vn 0.3090 0.0000 0.9511
vn -0.3090 0.0000 0.9511
vn -0.8090 0.0000 0.5878
vn -1.0000 0.0000 0.0000
vn -0.8090 0.0000 -0.5878
vn -0.3090 0.0000 -0.9511
vn 0.3090 0.0000 -0.9511
vn 0.8090 0.0000 -0.5878
vn 1.0000 0.0000 -0.0000
vn 0.9239 0.3827 0.0000
vn 0.7474 0.3827 0.5430
vn 0.2855 0.3827 0.8787
vn -0.2855 0.3827 0.8787
vn -0.7474 0.3827 0.5430
vn -0.9239 0.3827 0.0000
vn -0.7474 0.3827 -0.5430
vn -0.2855 0.3827 -0.8787
vn 0.2855 0.3827 -0.8787
vn 0.7474 0.3827 -0.5430
vn 0.9239 0.3827 -0.0000
vn 0.7071 0.7071 0.0000
vn 0.5721 0.7071 0.4156
vn 0.2185 0.7071 0.6725
vn -0.2185 0.7071 0.6725
vn -0.5721 0.7071 0.4156
vn -0.7071 0.7071 0.0000
vn -0.5721 0.7071 -0.4156
vn -0.2185 0.7071 -0.6725
vn 0.2185 0.7071 -0.6725
vn 0.5721 0.7071 -0.4156
vn 0.7071 0.7071 -0.0000
vn 0.3827 0.9239 0.0000
vn 0.3096 0.9239 0.2249
vn 0.1183 0.9239 0.3640
vn -0.1183 0.9239 0.3640
vn -0.3096 0.9239 0.2249
vn -0.3827 0.9239 0.0000
vn -0.3096 0.9239 -0.2249
vn -0.1183 0.9239 -0.3640
vn 0.1183 0.9239 -0.3640
vn 0.3096 0.9239 -0.2249
vn 0.3827 0.9239 -0.0000
vn 0.0000 1.0000 0.0000
vn 0.0000 1.0000 0.0000
vn 0.0000 1.0000 0.0000
vn -0.0000 1.0000 0.0000
vn -0.0000 1.0000 0.0000
vn -0.0000 1.0000 0.0000
vn -0.0000 1.0000 -0.0000
vn -0.0000 1.0000 -0.0000
vn 0.0000 1.0000 -0.0000
vn 0.0000 1.0000 -0.0000
vn 0.0000 1.0000 -0.0000
vt 0.0000 0.0000
vt 0.1250 0.0000
vt 0.1250 1.0000
vt 0.0000 1.0000
vt 0.1250 0.0000
vt 0.2500 0.0000
vt 0.2500 1.0000
vt 0.1250 1.0000
vt 0.2500 0.0000
vt 0.3750 0.0000
vt 0.3750 1.0000
vt 0.2500 1.0000
vt 0.3750 0.0000
vt 0.5000 0.0000
vt 0.5000 1.0000
vt 0.3750 1.0000
vt 0.5000 0.0000
vt 0.6250 0.0000
vt 0.6250 1.0000
vt 0.5000 1.0000
vt 0.6250 0.0000
vt 0.7500 0.0000
vt 0.7500 1.0000
vt 0.6250 1.0000
vt 0.7500 0.0000
vt 0.8750 0.0000
vt 0.8750 1.0000
vt 0.7500 1.0000
vt 0.8750 0.0000
vt 1.0000 0.0000
vt 1.0000 1.0000
vt 0.8750 1.0000
vt 0.0000 0.0000
vt 0.1250 0.0000
vt 0.1250 1.0000
vt 0.0000 1.0000
vt 0.1250 0.0000
vt 0.2500 0.0000
vt 0.2500 1.0000
vt 0.1250 1.0000
vt 0.2500 0.0000
vt 0.3750 0.0000
vt 0.3750 1.0000
vt 0.2500 1.0000
vt 0.3750 0.0000
vt 0.5000 0.0000
vt 0.5000 1.0000
vt 0.3750 1.0000
vt 0.5000 0.0000
vt 0.6250 0.0000
vt 0.6250 1.0000
vt 0.5000 1.0000
vt 0.6250 0.0000
vt 0.7500 0.0000
vt 0.7500 1.0000
vt 0.6250 1.0000
vt 0.7500 0.0000
vt 0.8750 0.0000
vt 0.8750 1.0000
vt 0.7500 1.0000
vt 0.8750 0.0000
vt 1.0000 0.0000
vt 1.0000 1.0000
vt 0.8750 1.0000
vt 0.0000 0.0000
vt 0.1000 0.0000
vt 0.2000 0.0000
vt 0.3000 0.0000
vt 0.4000 0.0000
vt 0.5000 0.0000
vt 0.6000 0.0000
vt 0.7000 0.0000
vt 0.8000 0.0000
vt 0.9000 0.0000
vt 1.0000 0.0000
vt 0.0000 0.1250
vt 0.1000 0.1250
vt 0.2000 0.1250
vt 0.3000 0.1250
vt 0.4000 0.1250
vt 0.5000 0.1250
vt 0.6000 0.1250
vt 0.7000 0.1250
vt 0.8000 0.1250
vt 0.9000 0.1250
vt 1.0000 0.1250
vt 0.0000 0.2500
vt 0.1000 0.2500
vt 0.2000 0.2500
vt 0.3000 0.2500
vt 0.4000 0.2500
vt 0.5000 0.2500
vt 0.6000 0.2500
vt 0.7000 0.2500
vt 0.8000 0.2500
vt 0.9000 0.2500
vt 1.0000 0.2500
vt 0.0000 0.3750
vt 0.1000 0.3750
vt 0.2000 0.3750
vt 0.3000 0.3750
vt 0.4000 0.3750
vt 0.5000 0.3750
vt 0.6000 0.3750
vt 0.7000 0.3750
vt 0.8000 0.3750
vt 0.9000 0.3750
vt 1.0000 0.3750
vt 0.0000 0.5000
vt 0.1000 0.5000
vt 0.2000 0.5000
vt 0.3000 0.5000
vt 0.4000 0.5000
vt 0.5000 0.5000
vt 0.6000 0.5000
vt 0.7000 0.5000
vt 0.8000 0.5000
vt 0.9000 0.5000
vt 1.0000 0.5000
vt 0.0000 0.6250
vt 0.1000 0.6250
vt 0.2000 0.6250
vt 0.3000 0.6250
vt 0.4000 0.6250
vt 0.5000 0.6250
vt 0.6000 0.6250
vt 0.7000 0.6250
vt 0.8000 0.6250
vt 0.9000 0.6250
vt 1.0000 0.6250
vt 0.0000 0.7500
vt 0.1000 0.7500
vt 0.2000 0.7500
vt 0.3000 0.7500
vt 0.4000 0.7500
vt 0.5000 0.7500
vt 0.6000 0.7500
vt 0.7000 0.7500
vt 0.8000 0.7500
vt 0.9000 0.7500
vt 1.0000 0.7500
vt 0.0000 0.8750
vt 0.1000 0.8750
vt 0.2000 0.8750
vt 0.3000 0.8750
vt 0.4000 0.8750
vt 0.5000 0.8750
vt 0.6000 0.8750
vt 0.7000 0.8750
vt 0.8000 0.8750
vt 0.9000 0.8750
vt 1.0000 0.8750
vt 0.0000 1.0000
vt 0.1000 1.0000
vt 0.2000 1.0000
vt 0.3000 1.0000
vt 0.4000 1.0000
vt 0.5000 1.0000
vt 0.6000 1.0000
vt 0.7000 1.0000
vt 0.8000 1.0000
vt 0.9000 1.0000
vt 1.0000 1.0000
f 372/372/372 373/373/373 374/374/374
f 372/372/372 374/374/374 375/375/375
f 376/376/376 377/377/377 378/378/378
f 376/376/376 378/378/378 379/379/379
f 380/380/380 381/381/381 382/382/382
f 380/380/380 382/382/382 383/383/383
f 384/384/384 385/385/385 386/386/386
f 384/384/384 386/386/386 387/387/387
f 388/388/388 389/389/389 390/390/390
f 388/388/388 390/390/390 391/391/391
f 392/392/392 393/393/393 394/394/394
f 392/392/392 394/394/394 395/395/395
f 396/396/396 397/397/397 398/398/398
f 396/396/396 398/398/398 399/399/399
f 400/400/400 401/401/401 402/402/402
f 400/400/400 402/402/402 403/403/403
f 404/404/404 405/405/405 406/406/406
f 404/404/404 406/406/406 407/407/407
f 408/408/408 409/409/409 410/410/410
f 408/408/408 410/410/410 411/411/411
f 412/412/412 413/413/413 414/414/414
f 412/412/412 414/414/414 415/415/415
f 416/416/416 417/417/417 418/418/418
f 416/416/416 418/418/418 419/419/419
f 420/420/420 421/421/421 422/422/422
f 420/420/420 422/422/422 423/423/423
f 424/424/424 425/425/425 426/426/426
f 424/424/424 426/426/426 427/427/427
f 428/428/428 429/429/429 430/430/430
f 428/428/428 430/430/430 431/431/431
f 432/432/432 433/433/433 434/434/434
f 432/432/432 434/434/434 435/435/435
f 436/436/436 447/447/447 437/437/437
f 437/437/437 447/447/447 448/448/448
f 437/437/437 448/448/448 438/438/438
f 438/438/438 448/448/448 449/449/449
f 438/438/438 449/449/449 439/439/439
f 439/439/439 449/449/449 450/450/450
f 439/439/439 450/450/450 440/440/440
f 440/440/440 450/450/450 451/451/451
f 440/440/440 451/451/451 441/441/441
f 441/441/441 451/451/451 452/452/452
f 441/441/441 452/452/452 442/442/442
f 442/442/442 452/452/452 453/453/453
f 442/442/442 453/453/453 443/443/443
f 443/443/443 453/453/453 454/454/454
f 443/443/443 454/454/454 444/444/444
f 444/444/444 454/454/454 455/455/455
f 444/444/444 455/455/455 445/445/445
f 445/445/445 455/455/455 456/456/456
f 445/445/445 456/456/456 446/446/446
f 446/446/446 456/456/456 457/457/457
f 447/447/447 458/458/458 448/448/448
f 448/448/448 458/458/458 459/459/459
f 448/448/448 459/459/459 449/449/449
f 449/449/449 459/459/459 460/460/460
f 449/449/449 460/460/460 450/450/450
f 450/450/450 460/460/460 461/461/461
f 450/450/450 461/461/461 451/451/451
f 451/451/451 461/461/461 462/462/462
f 451/451/451 462/462/462 452/452/452
f 452/452/452 462/462/462 463/463/463
f 452/452/452 463/463/463 453/453/453
f 453/453/453 463/463/463 464/464/464
f 453/453/453 464/464/464 454/454/454
f 454/454/454 464/464/464 465/465/465
f 454/454/454 465/465/465 455/455/455
f 455/455/455 465/465/465 466/466/466
f 455/455/455 466/466/466 456/456/456
f 456/456/456 466/466/466 467/467/467
f 456/456/456 467/467/467 457/457/457
f 457/457/457 467/467/467 468/468/468
f 458/458/458 469/469/469 459/459/459
f 459/459/459 469/469/469 470/470/470
f 459/459/459 470/470/470 460/460/460
f 460/460/460 470/470/470 471/471/471
f 460/460/460 471/471/471 461/461/461
f 461/461/461 471/471/471 472/472/472
f 461/461/461 472/472/472 462/462/462
f 462/462/462 472/472/472 473/473/473
f 462/462/462 473/473/473 463/463/463
f 463/463/463 473/473/473 474/474/474
f 463/463/463 474/474/474 464/464/464
f 464/464/464 474/474/474 475/475/475
f 464/464/464 475/475/475 465/465/465
f 465/465/465 475/475/475 476/476/476
f 465/465/465 476/476/476 466/466/466
f 466/466/466 476/476/476 477/477/477
f 466/466/466 477/477/477 467/467/467
f 467/467/467 477/477/477 478/478/478
f 467/467/467 478/478/478 468/468/468
f 468/468/468 478/478/478 479/479/479
f 469/469/469 480/480/480 470/470/470
f 470/470/470 480/480/480 481/481/481
f 470/470/470 481/481/481 471/471/471
f 471/471/471 481/481/481 482/482/482
f 471/471/471 482/482/482 472/472/472
f 472/472/472 482/482/482 483/483/483
f 472/472/472 483/483/483 473/473/473
f 473/473/473 483/483/483 484/484/484
f 473/473/473 484/484/484 474/474/474
f 474/474/474 484/484/484 485/485/485
f 474/474/474 485/485/485 475/475/475
f 475/475/475 485/485/485 486/486/486
f 475/475/475 486/486/486 476/476/476
f 476/476/476 486/486/486 487/487/487
f 476/476/476 487/487/487 477/477/477
f 477/477/477 487/487/487 488/488/488
f 477/477/477 488/488/488 478/478/478
f 478/478/478 488/488/488 489/489/489
f 478/478/478 489/489/489 479/479/479
f 479/479/479 489/489/489 490/490/490
f 480/480/480 491/491/491 481/481/481
f 481/481/481 491/491/491 492/492/492
f 481/481/481 492/492/492 482/482/482
f 482/482/482 492/492/492 493/493/493
f 482/482/482 493/493/493 483/483/483
f 483/483/483 493/493/493 494/494/494
f 483/483/483 494/494/494 484/484/484
f 484/484/484 494/494/494 495/495/495
f 484/484/484 495/495/495 485/485/485
f 485/485/485 495/495/495 496/496/496
f 485/485/485 496/496/496 486/486/486
f 486/486/486 496/496/496 497/497/497
f 486/486/486 497/497/497 487/487/487
f 487/487/487 497/497/497 498/498/498
f 487/487/487 498/498/498 488/488/488
f 488/488/488 498/498/498 499/499/499
f 488/488/488 499/499/499 489/489/489
f 489/489/489 499/499/499 500/500/500
f 489/489/489 500/500/500 490/490/490
f 490/490/490 500/500/500 501/501/501
f 491/491/491 502/502/502 492/492/492
f 492/492/492 502/502/502 503/503/503
f 492/492/492 503/503/503 493/493/493
f 493/493/493 503/503/503 504/504/504
f 493/493/493 504/504/504 494/494/494
f 494/494/494 504/504/504 505/505/505
f 494/494/494 505/505/505 495/495/495
f 495/495/495 505/505/505 506/506/506
f 495/495/495 506/506/506 496/496/496
f 496/496/496 506/506/506 507/507/507
f 496/496/496 507/507/507 497/497/497
f 497/497/497 507/507/507 508/508/508
f 497/497/497 508/508/508 498/498/498
f 498/498/498 508/508/508 509/509/509
f 498/498/498 509/509/509 499/499/499
f 499/499/499 509/509/509 510/510/510
f 499/499/499 510/510/510 500/500/500
f 500/500/500 510/510/510 511/511/511
f 500/500/500 511/511/511 501/501/501
f 501/501/501 511/511/511 512/512/512
f 502/502/502 513/513/513 503/503/503
f 503/503/503 513/513/513 514/514/514
f 503/503/503 514/514/514 504/504/504
f 504/504/504 514/514/514 515/515/515
f 504/504/504 515/515/515 505/505/505
f 505/505/505 515/515/515 516/516/516
f 505/505/505 516/516/516 506/506/506
f 506/506/506 516/516/516 517/517/517
f 506/506/506 517/517/517 507/507/507
f 507/507/507 517/517/517 518/518/518
f 507/507/507 518/518/518 508/508/508
f 508/508/508 518/518/518 519/519/519
f 508/508/508 519/519/519 509/509/509
f 509/509/509 519/519/519 520/520/520
f 509/509/509 520/520/520 510/510/510
f 510/510/510 520/520/520 521/521/521
f 510/510/510 521/521/521 511/511/511
f 511/511/511 521/521/521 522/522/522
f 511/511/511 522/522/522 512/512/512
f 512/512/512 522/522/522 523/523/523
f 513/513/513 524/524/524 514/514/514
f 514/514/514 524/524/524 525/525/525
f 514/514/514 525/525/525 515/515/515
f 515/515/515 525/525/525 526/526/526
f 515/515/515 526/526/526 516/516/516
f 516/516/516 526/526/526 527/527/527
f 516/516/516 527/527/527 517/517/517
f 517/517/517 527/527/527 528/528/528
f 517/517/517 528/528/528 518/518/518
f 518/518/518 528/528/528 529/529/529
f 518/518/518 529/529/529 519/519/519
f 519/519/519 529/529/529 530/530/530
f 519/519/519 530/530/530 520/520/520
f 520/520/520 530/530/530 531/531/531
f 520/520/520 531/531/531 521/521/521
f 521/521/521 531/531/531 532/532/532
f 521/521/521 532/532/532 522/522/522
f 522/522/522 532/532/532 533/533/533
f 522/522/522 533/533/533 523/523/523
f 523/523/523 533/533/533 534/534/534
g ArmR
usemtl ShamanSkin
v -0.2200 0.8050 0.0000
v -0.2376 0.8050 0.0424
v -0.2305 1.0550 0.0495
v -0.2100 1.0550 0.0000
v -0.2376 0.8050 0.0424
v -0.2800 0.8050 0.0600
v -0.2800 1.0550 0.0700
v -0.2305 1.0550 0.0495
v -0.2800 0.8050 0.0600
v -0.3224 0.8050 0.0424
v -0.3295 1.0550 0.0495
v -0.2800 1.0550 0.0700
v -0.3224 0.8050 0.0424
v -0.3400 0.8050 0.0000
v -0.3500 1.0550 0.0000
v -0.3295 1.0550 0.0495
v -0.3400 0.8050 0.0000
v -0.3224 0.8050 -0.0424
v -0.3295 1.0550 -0.0495
v -0.3500 1.0550 0.0000
v -0.3224 0.8050 -0.0424
v -0.2800 0.8050 -0.0600
v -0.2800 1.0550 -0.0700
v -0.3295 1.0550 -0.0495
v -0.2800 0.8050 -0.0600
v -0.2376 0.8050 -0.0424
v -0.2305 1.0550 -0.0495
v -0.2800 1.0550 -0.0700
v -0.2376 0.8050 -0.0424
v -0.2200 0.8050 0.0000
v -0.2100 1.0550 0.0000
v -0.2305 1.0550 -0.0495
v -0.2300 0.6050 0.0000
v -0.2446 0.6050 0.0354
v -0.2376 0.8550 0.0424
v -0.2200 0.8550 0.0000
v -0.2446 0.6050 0.0354
v -0.2800 0.6050 0.0500
v -0.2800 0.8550 0.0600
v -0.2376 0.8550 0.0424
v -0.2800 0.6050 0.0500
v -0.3154 0.6050 0.0354
v -0.3224 0.8550 0.0424
v -0.2800 0.8550 0.0600
v -0.3154 0.6050 0.0354
v -0.3300 0.6050 0.0000
v -0.3400 0.8550 0.0000
v -0.3224 0.8550 0.0424
v -0.3300 0.6050 0.0000
v -0.3154 0.6050 -0.0354
v -0.3224 0.8550 -0.0424
v -0.3400 0.8550 0.0000
v -0.3154 0.6050 -0.0354
v -0.2800 0.6050 -0.0500
v -0.2800 0.8550 -0.0600
v -0.3224 0.8550 -0.0424
v -0.2800 0.6050 -0.0500
v -0.2446 0.6050 -0.0354
v -0.2376 0.8550 -0.0424
v -0.2800 0.8550 -0.0600
v -0.2446 0.6050 -0.0354
v -0.2300 0.6050 0.0000
v -0.2200 0.8550 0.0000
v -0.2376 0.8550 -0.0424
v -0.2800 0.5350 0.0000
v -0.2800 0.5350 0.0000
v -0.2800 0.5350 0.0000
v -0.2800 0.5350 0.0000
v -0.2800 0.5350 0.0000
v -0.2800 0.5350 0.0000
v -0.2800 0.5350 -0.0000
v -0.2800 0.5350 -0.0000
v -0.2800 0.5350 -0.0000
v -0.2800 0.5350 -0.0000
v -0.2800 0.5350 -0.0000
v -0.2590 0.5392 0.0000
v -0.2630 0.5392 0.0124
v -0.2735 0.5392 0.0200
v -0.2865 0.5392 0.0200
v -0.2970 0.5392 0.0124
v -0.3010 0.5392 0.0000
v -0.2970 0.5392 -0.0124
v -0.2865 0.5392 -0.0200
v -0.2735 0.5392 -0.0200
v -0.2630 0.5392 -0.0124
v -0.2590 0.5392 -0.0000
v -0.2411 0.5511 0.0000
v -0.2485 0.5511 0.0229
v -0.2680 0.5511 0.0370
v -0.2920 0.5511 0.0370
v -0.3115 0.5511 0.0229
v -0.3189 0.5511 0.0000
v -0.3115 0.5511 -0.0229
v -0.2920 0.5511 -0.0370
v -0.2680 0.5511 -0.0370
v -0.2485 0.5511 -0.0229
v -0.2411 0.5511 -0.0000
v -0.2292 0.5690 0.0000
v -0.2389 0.5690 0.0299
v -0.2643 0.5690 0.0483
v -0.2957 0.5690 0.0483
v -0.3211 0.5690 0.0299
v -0.3308 0.5690 0.0000
v -0.3211 0.5690 -0.0299
v -0.2957 0.5690 -0.0483
v -0.2643 0.5690 -0.0483
v -0.2389 0.5690 -0.0299
v -0.2292 0.5690 -0.0000
v -0.2250 0.5900 0.0000
v -0.2355 0.5900 0.0323
v -0.2630 0.5900 0.0523
v -0.2970 0.5900 0.0523
v -0.3245 0.5900 0.0323
v -0.3350 0.5900 0.0000
v -0.3245 0.5900 -0.0323
v -0.2970 0.5900 -0.0523
v -0.2630 0.5900 -0.0523
v -0.2355 0.5900 -0.0323
v -0.2250 0.5900 -0.0000
v -0.2292 0.6110 0.0000
v -0.2389 0.6110 0.0299
v -0.2643 0.6110 0.0483
v -0.2957 0.6110 0.0483
v -0.3211 0.6110 0.0299
v -0.3308 0.6110 0.0000
v -0.3211 0.6110 -0.0299
v -0.2957 0.6110 -0.0483
v -0.2643 0.6110 -0.0483
v -0.2389 0.6110 -0.0299
v -0.2292 0.6110 -0.0000
v -0.2411 0.6289 0.0000
v -0.2485 0.6289 0.0229
v -0.2680 0.6289 0.0370
v -0.2920 0.6289 0.0370
v -0.3115 0.6289 0.0229
v -0.3189 0.6289 0.0000
v -0.3115 0.6289 -0.0229
v -0.2920 0.6289 -0.0370
v -0.2680 0.6289 -0.0370
v -0.2485 0.6289 -0.0229
v -0.2411 0.6289 -0.0000
v -0.2590 0.6408 0.0000
v -0.2630 0.6408 0.0124
v -0.2735 0.6408 0.0200
v -0.2865 0.6408 0.0200
v -0.2970 0.6408 0.0124
v -0.3010 0.6408 0.0000
v -0.2970 0.6408 -0.0124
v -0.2865 0.6408 -0.0200
v -0.2735 0.6408 -0.0200
v -0.2630 0.6408 -0.0124
v -0.2590 0.6408 -0.0000
v -0.2800 0.6450 0.0000
v -0.2800 0.6450 0.0000
v -0.2800 0.6450 0.0000
v -0.2800 0.6450 0.0000
v -0.2800 0.6450 0.0000
v -0.2800 0.6450 0.0000
v -0.2800 0.6450 -0.0000
v -0.2800 0.6450 -0.0000
v -0.2800 0.6450 -0.0000
v -0.2800 0.6450 -0.0000
v -0.2800 0.6450 -0.0000
vn 1.0000 0.0000 0.0000
vn 0.7071 0.0000 0.7071
vn 0.7071 0.0000 0.7071
vn 1.0000 0.0000 0.0000
vn 0.7071 0.0000 0.7071
vn 0.0000 0.0000 1.0000
vn 0.0000 0.0000 1.0000
vn 0.7071 0.0000 0.7071
vn 0.0000 0.0000 1.0000
vn -0.7071 0.0000 0.7071
vn -0.7071 0.0000 0.7071
vn 0.0000 0.0000 1.0000
vn -0.7071 0.0000 0.7071
vn -1.0000 0.0000 0.0000
vn -1.0000 0.0000 0.0000
vn -0.7071 0.0000 0.7071
vn -1.0000 0.0000 0.0000
vn -0.7071 0.0000 -0.7071
vn -0.7071 0.0000 -0.7071
vn -1.0000 0.0000 0.0000
vn -0.7071 0.0000 -0.7071
vn -0.0000 0.0000 -1.0000
vn -0.0000 0.0000 -1.0000
vn -0.7071 0.0000 -0.7071
vn -0.0000 0.0000 -1.0000
vn 0.7071 0.0000 -0.7071
vn 0.7071 0.0000 -0.7071
vn -0.0000 0.0000 -1.0000
vn 0.7071 0.0000 -0.7071
vn 1.0000 0.0000 0.0000
vn 1.0000 0.0000 0.0000
vn 0.7071 0.0000 -0.7071
vn 1.0000 0.0000 0.0000
vn 0.7071 0.0000 0.7071
vn 0.7071 0.0000 0.7071
vn 1.0000 0.0000 0.0000
vn 0.7071 0.0000 0.7071
vn 0.0000 0.0000 1.0000
vn 0.0000 0.0000 1.0000
vn 0.7071 0.0000 0.7071
vn 0.0000 0.0000 1.0000
vn -0.7071 0.0000 0.7071
vn -0.7071 0.0000 0.7071
vn 0.0000 0.0000 1.0000
vn -0.7071 0.0000 0.7071
vn -1.0000 0.0000 0.0000
vn -1.0000 0.0000 0.0000
vn -0.7071 0.0000 0.7071
vn -1.0000 0.0000 0.0000
vn -0.7071 0.0000 -0.7071
vn -0.7071 0.0000 -0.7071
vn -1.0000 0.0000 0.0000
vn -0.7071 0.0000 -0.7071
vn -0.0000 0.0000 -1.0000
vn -0.0000 0.0000 -1.0000
vn -0.7071 0.0000 -0.7071
vn -0.0000 0.0000 -1.0000
vn 0.7071 0.0000 -0.7071
vn 0.7071 0.0000 -0.7071
vn -0.0000 0.0000 -1.0000
vn 0.7071 0.0000 -0.7071
vn 1.0000 0.0000 0.0000
vn 1.0000 0.0000 0.0000
vn 0.7071 0.0000 -0.7071
vn 0.0000 -1.0000 0.0000
vn 0.0000 -1.0000 0.0000
vn 0.0000 -1.0000 0.0000
vn -0.0000 -1.0000 0.0000
vn -0.0000 -1.0000 0.0000
vn -0.0000 -1.0000 0.0000
vn -0.0000 -1.0000 -0.0000
vn -0.0000 -1.0000 -0.0000
vn 0.0000 -1.0000 -0.0000
vn 0.0000 -1.0000 -0.0000
vn 0.0000 -1.0000 -0.0000
vn 0.3827 -0.9239 0.0000
vn 0.3096 -0.9239 0.2249
vn 0.1183 -0.9239 0.3640
vn -0.1183 -0.9239 0.3640
vn -0.3096 -0.9239 0.2249
vn -0.3827 -0.9239 0.0000
vn -0.3096 -0.9239 -0.2249
vn -0.1183 -0.9239 -0.3640
vn 0.1183 -0.9239 -0.3640
vn 0.3096 -0.9239 -0.2249
vn 0.3827 -0.9239 -0.0000
vn 0.7071 -0.7071 0.0000
vn 0.5721 -0.7071 0.4156
vn 0.2185 -0.7071 0.6725
vn -0.2185 -0.7071 0.6725
vn -0.5721 -0.7071 0.4156
vn -0.7071 -0.7071 0.0000
vn -0.5721 -0.7071 -0.4156
vn -0.2185 -0.7071 -0.6725
vn 0.2185 -0.7071 -0.6725
vn 0.5721 -0.7071 -0.4156
vn 0.7071 -0.7071 -0.0000
vn 0.9239 -0.3827 0.0000
vn 0.7474 -0.3827 0.5430
vn 0.2855 -0.3827 0.8787
vn -0.2855 -0.3827 0.8787
vn -0.7474 -0.3827 0.5430
vn -0.9239 -0.3827 0.0000
vn -0.7474 -0.3827 -0.5430
vn -0.2855 -0.3827 -0.8787
vn 0.2855 -0.3827 -0.8787
vn 0.7474 -0.3827 -0.5430
vn 0.9239 -0.3827 -0.0000
vn 1.0000 0.0000 0.0000
vn 0.8090 0.0000 0.5878
vn 0.3090 0.0000 0.9511
vn -0.3090 0.0000 0.9511
vn -0.8090 0.0000 0.5878
vn -1.0000 0.0000 0.0000
vn -0.8090 0.0000 -0.5878
vn -0.3090 0.0000 -0.9511
vn 0.3090 0.0000 -0.9511
vn 0.8090 0.0000 -0.5878
vn 1.0000 0.0000 -0.0000
vn 0.9239 0.3827 0.0000
vn 0.7474 0.3827 0.5430
vn 0.2855 0.3827 0.8787
vn -0.2855 0.3827 0.8787
vn -0.7474 0.3827 0.5430
vn -0.9239 0.3827 0.0000
vn -0.7474 0.3827 -0.5430
vn -0.2855 0.3827 -0.8787
vn 0.2855 0.3827 -0.8787
vn 0.7474 0.3827 -0.5430
vn 0.9239 0.3827 -0.0000
vn 0.7071 0.7071 0.0000
vn 0.5721 0.7071 0.4156
vn 0.2185 0.7071 0.6725
vn -0.2185 0.7071 0.6725
vn -0.5721 0.7071 0.4156
vn -0.7071 0.7071 0.0000
vn -0.5721 0.7071 -0.4156
vn -0.2185 0.7071 -0.6725
vn 0.2185 0.7071 -0.6725
vn 0.5721 0.7071 -0.4156
vn 0.7071 0.7071 -0.0000
vn 0.3827 0.9239 0.0000
vn 0.3096 0.9239 0.2249
vn 0.1183 0.9239 0.3640
vn -0.1183 0.9239 0.3640
vn -0.3096 0.9239 0.2249
vn -0.3827 0.9239 0.0000
vn -0.3096 0.9239 -0.2249
vn -0.1183 0.9239 -0.3640
vn 0.1183 0.9239 -0.3640
vn 0.3096 0.9239 -0.2249
vn 0.3827 0.9239 -0.0000
vn 0.0000 1.0000 0.0000
vn 0.0000 1.0000 0.0000
vn 0.0000 1.0000 0.0000
vn -0.0000 1.0000 0.0000
vn -0.0000 1.0000 0.0000
vn -0.0000 1.0000 0.0000
vn -0.0000 1.0000 -0.0000
vn -0.0000 1.0000 -0.0000
vn 0.0000 1.0000 -0.0000
vn 0.0000 1.0000 -0.0000
vn 0.0000 1.0000 -0.0000
vt 0.0000 0.0000
vt 0.1250 0.0000
vt 0.1250 1.0000
vt 0.0000 1.0000
vt 0.1250 0.0000
vt 0.2500 0.0000
vt 0.2500 1.0000
vt 0.1250 1.0000
vt 0.2500 0.0000
vt 0.3750 0.0000
vt 0.3750 1.0000
vt 0.2500 1.0000
vt 0.3750 0.0000
vt 0.5000 0.0000
vt 0.5000 1.0000
vt 0.3750 1.0000
vt 0.5000 0.0000
vt 0.6250 0.0000
vt 0.6250 1.0000
vt 0.5000 1.0000
vt 0.6250 0.0000
vt 0.7500 0.0000
vt 0.7500 1.0000
vt 0.6250 1.0000
vt 0.7500 0.0000
vt 0.8750 0.0000
vt 0.8750 1.0000
vt 0.7500 1.0000
vt 0.8750 0.0000
vt 1.0000 0.0000
vt 1.0000 1.0000
vt 0.8750 1.0000
vt 0.0000 0.0000
vt 0.1250 0.0000
vt 0.1250 1.0000
vt 0.0000 1.0000
vt 0.1250 0.0000
vt 0.2500 0.0000
vt 0.2500 1.0000
vt 0.1250 1.0000
vt 0.2500 0.0000
vt 0.3750 0.0000
vt 0.3750 1.0000
vt 0.2500 1.0000
vt 0.3750 0.0000
vt 0.5000 0.0000
vt 0.5000 1.0000
vt 0.3750 1.0000
vt 0.5000 0.0000
vt 0.6250 0.0000
vt 0.6250 1.0000
vt 0.5000 1.0000
vt 0.6250 0.0000
vt 0.7500 0.0000
vt 0.7500 1.0000
vt 0.6250 1.0000
vt 0.7500 0.0000
vt 0.8750 0.0000
vt 0.8750 1.0000
vt 0.7500 1.0000
vt 0.8750 0.0000
vt 1.0000 0.0000
vt 1.0000 1.0000
vt 0.8750 1.0000
vt 0.0000 0.0000
vt 0.1000 0.0000
vt 0.2000 0.0000
vt 0.3000 0.0000
vt 0.4000 0.0000
vt 0.5000 0.0000
vt 0.6000 0.0000
vt 0.7000 0.0000
vt 0.8000 0.0000
vt 0.9000 0.0000
vt 1.0000 0.0000
vt 0.0000 0.1250
vt 0.1000 0.1250
vt 0.2000 0.1250
vt 0.3000 0.1250
vt 0.4000 0.1250
vt 0.5000 0.1250
vt 0.6000 0.1250
vt 0.7000 0.1250
vt 0.8000 0.1250
vt 0.9000 0.1250
vt 1.0000 0.1250
vt 0.0000 0.2500
vt 0.1000 0.2500
vt 0.2000 0.2500
vt 0.3000 0.2500
vt 0.4000 0.2500
vt 0.5000 0.2500
vt 0.6000 0.2500
vt 0.7000 0.2500
vt 0.8000 0.2500
vt 0.9000 0.2500
vt 1.0000 0.2500
vt 0.0000 0.3750
vt 0.1000 0.3750
vt 0.2000 0.3750
vt 0.3000 0.3750
vt 0.4000 0.3750
vt 0.5000 0.3750
vt 0.6000 0.3750
vt 0.7000 0.3750
vt 0.8000 0.3750
vt 0.9000 0.3750
vt 1.0000 0.3750
vt 0.0000 0.5000
vt 0.1000 0.5000
vt 0.2000 0.5000
vt 0.3000 0.5000
vt 0.4000 0.5000
vt 0.5000 0.5000
vt 0.6000 0.5000
vt 0.7000 0.5000
vt 0.8000 0.5000
vt 0.9000 0.5000
vt 1.0000 0.5000
vt 0.0000 0.6250
vt 0.1000 0.6250
vt 0.2000 0.6250
vt 0.3000 0.6250
vt 0.4000 0.6250
vt 0.5000 0.6250
vt 0.6000 0.6250
vt 0.7000 0.6250
vt 0.8000 0.6250
vt 0.9000 0.6250
vt 1.0000 0.6250
vt 0.0000 0.7500
vt 0.1000 0.7500
vt 0.2000 0.7500
vt 0.3000 0.7500
vt 0.4000 0.7500
vt 0.5000 0.7500
vt 0.6000 0.7500
vt 0.7000 0.7500
vt 0.8000 0.7500
vt 0.9000 0.7500
vt 1.0000 0.7500
vt 0.0000 0.8750
vt 0.1000 0.8750
vt 0.2000 0.8750
vt 0.3000 0.8750
vt 0.4000 0.8750
vt 0.5000 0.8750
vt 0.6000 0.8750
vt 0.7000 0.8750
vt 0.8000 0.8750
vt 0.9000 0.8750
vt 1.0000 0.8750
vt 0.0000 1.0000
vt 0.1000 1.0000
vt 0.2000 1.0000
vt 0.3000 1.0000
vt 0.4000 1.0000
vt 0.5000 1.0000
vt 0.6000 1.0000
vt 0.7000 1.0000
vt 0.8000 1.0000
vt 0.9000 1.0000
vt 1.0000 1.0000
f 535/535/535 536/536/536 537/537/537
f 535/535/535 537/537/537 538/538/538
f 539/539/539 540/540/540 541/541/541
f 539/539/539 541/541/541 542/542/542
f 543/543/543 544/544/544 545/545/545
f 543/543/543 545/545/545 546/546/546
f 547/547/547 548/548/548 549/549/549
f 547/547/547 549/549/549 550/550/550
f 551/551/551 552/552/552 553/553/553
f 551/551/551 553/553/553 554/554/554
f 555/555/555 556/556/556 557/557/557
f 555/555/555 557/557/557 558/558/558
f 559/559/559 560/560/560 561/561/561
f 559/559/559 561/561/561 562/562/562
f 563/563/563 564/564/564 565/565/565
f 563/563/563 565/565/565 566/566/566
f 567/567/567 568/568/568 569/569/569
f 567/567/567 569/569/569 570/570/570
f 571/571/571 572/572/572 573/573/573
f 571/571/571 573/573/573 574/574/574
f 575/575/575 576/576/576 577/577/577
f 575/575/575 577/577/577 578/578/578
f 579/579/579 580/580/580 581/581/581
f 579/579/579 581/581/581 582/582/582
f 583/583/583 584/584/584 585/585/585
f 583/583/583 585/585/585 586/586/586
f 587/587/587 588/588/588 589/589/589
f 587/587/587 589/589/589 590/590/590
f 591/591/591 592/592/592 593/593/593
f 591/591/591 593/593/593 594/594/594
f 595/595/595 596/596/596 597/597/597
f 595/595/595 597/597/597 598/598/598
f 599/599/599 610/610/610 600/600/600
f 600/600/600 610/610/610 611/611/611
f 600/600/600 611/611/611 601/601/601
f 601/601/601 611/611/611 612/612/612
f 601/601/601 612/612/612 602/602/602
f 602/602/602 612/612/612 613/613/613
f 602/602/602 613/613/613 603/603/603
f 603/603/603 613/613/613 614/614/614
f 603/603/603 614/614/614 604/604/604
f 604/604/604 614/614/614 615/615/615
f 604/604/604 615/615/615 605/605/605
f 605/605/605 615/615/615 616/616/616
f 605/605/605 616/616/616 606/606/606
f 606/606/606 616/616/616 617/617/617
f 606/606/606 617/617/617 607/607/607
f 607/607/607 617/617/617 618/618/618
f 607/607/607 618/618/618 608/608/608
f 608/608/608 618/618/618 619/619/619
f 608/608/608 619/619/619 609/609/609
f 609/609/609 619/619/619 620/620/620
f 610/610/610 621/621/621 611/611/611
f 611/611/611 621/621/621 622/622/622
f 611/611/611 622/622/622 612/612/612
f 612/612/612 622/622/622 623/623/623
f 612/612/612 623/623/623 613/613/613
f 613/613/613 623/623/623 624/624/624
f 613/613/613 624/624/624 614/614/614
f 614/614/614 624/624/624 625/625/625
f 614/614/614 625/625/625 615/615/615
f 615/615/615 625/625/625 626/626/626
f 615/615/615 626/626/626 616/616/616
f 616/616/616 626/626/626 627/627/627
f 616/616/616 627/627/627 617/617/617
f 617/617/617 627/627/627 628/628/628
f 617/617/617 628/628/628 618/618/618
f 618/618/618 628/628/628 629/629/629
f 618/618/618 629/629/629 619/619/619
f 619/619/619 629/629/629 630/630/630
f 619/619/619 630/630/630 620/620/620
f 620/620/620 630/630/630 631/631/631
f 621/621/621 632/632/632 622/622/622
f 622/622/622 632/632/632 633/633/633
f 622/622/622 633/633/633 623/623/623
f 623/623/623 633/633/633 634/634/634
f 623/623/623 634/634/634 624/624/624
f 624/624/624 634/634/634 635/635/635
f 624/624/624 635/635/635 625/625/625
f 625/625/625 635/635/635 636/636/636
f 625/625/625 636/636/636 626/626/626
f 626/626/626 636/636/636 637/637/637
f 626/626/626 637/637/637 627/627/627
f 627/627/627 637/637/637 638/638/638
f 627/627/627 638/638/638 628/628/628
f 628/628/628 638/638/638 639/639/639
f 628/628/628 639/639/639 629/629/629
f 629/629/629 639/639/639 640/640/640
f 629/629/629 640/640/640 630/630/630
f 630/630/630 640/640/640 641/641/641
f 630/630/630 641/641/641 631/631/631
f 631/631/631 641/641/641 642/642/642
f 632/632/632 643/643/643 633/633/633
f 633/633/633 643/643/643 644/644/644
f 633/633/633 644/644/644 634/634/634
f 634/634/634 644/644/644 645/645/645
f 634/634/634 645/645/645 635/635/635
f 635/635/635 645/645/645 646/646/646
f 635/635/635 646/646/646 636/636/636
f 636/636/636 646/646/646 647/647/647
f 636/636/636 647/647/647 637/637/637
f 637/637/637 647/647/647 648/648/648
f 637/637/637 648/648/648 638/638/638
f 638/638/638 648/648/648 649/649/649
f 638/638/638 649/649/649 639/639/639
f 639/639/639 649/649/649 650/650/650
f 639/639/639 650/650/650 640/640/640
f 640/640/640 650/650/650 651/651/651
f 640/640/640 651/651/651 641/641/641
f 641/641/641 651/651/651 652/652/652
f 641/641/641 652/652/652 642/642/642
f 642/642/642 652/652/652 653/653/653
f 643/643/643 654/654/654 644/644/644
f 644/644/644 654/654/654 655/655/655
f 644/644/644 655/655/655 645/645/645
f 645/645/645 655/655/655 656/656/656
f 645/645/645 656/656/656 646/646/646
f 646/646/646 656/656/656 657/657/657
f 646/646/646 657/657/657 647/647/647
f 647/647/647 657/657/657 658/658/658
f 647/647/647 658/658/658 648/648/648
f 648/648/648 658/658/658 659/659/659
f 648/648/648 659/659/659 649/649/649
f 649/649/649 659/659/659 660/660/660
f 649/649/649 660/660/660 650/650/650
f 650/650/650 660/660/660 661/661/661
f 650/650/650 661/661/661 651/651/651
f 651/651/651 661/661/661 662/662/662
f 651/651/651 662/662/662 652/652/652
f 652/652/652 662/662/662 663/663/663
f 652/652/652 663/663/663 653/653/653
f 653/653/653 663/663/663 664/664/664
f 654/654/654 665/665/665 655/655/655
f 655/655/655 665/665/665 666/666/666
f 655/655/655 666/666/666 656/656/656
f 656/656/656 666/666/666 667/667/667
f 656/656/656 667/667/667 657/657/657
f 657/657/657 667/667/667 668/668/668
f 657/657/657 668/668/668 658/658/658
f 658/658/658 668/668/668 669/669/669
f 658/658/658 669/669/669 659/659/659
f 659/659/659 669/669/669 670/670/670
f 659/659/659 670/670/670 660/660/660
f 660/660/660 670/670/670 671/671/671
f 660/660/660 671/671/671 661/661/661
f 661/661/661 671/671/671 672/672/672
f 661/661/661 672/672/672 662/662/662
f 662/662/662 672/672/672 673/673/673
f 662/662/662 673/673/673 663/663/663
f 663/663/663 673/673/673 674/674/674
f 663/663/663 674/674/674 664/664/664
f 664/664/664 674/674/674 675/675/675
f 665/665/665 676/676/676 666/666/666
f 666/666/666 676/676/676 677/677/677
f 666/666/666 677/677/677 667/667/667
f 667/667/667 677/677/677 678/678/678
f 667/667/667 678/678/678 668/668/668
f 668/668/668 678/678/678 679/679/679
f 668/668/668 679/679/679 669/669/669
f 669/669/669 679/679/679 680/680/680
f 669/669/669 680/680/680 670/670/670
f 670/670/670 680/680/680 681/681/681
f 670/670/670 681/681/681 671/671/671
f 671/671/671 681/681/681 682/682/682
f 671/671/671 682/682/682 672/672/672
f 672/672/672 682/682/682 683/683/683
f 672/672/672 683/683/683 673/673/673
f 673/673/673 683/683/683 684/684/684
f 673/673/673 684/684/684 674/674/674
f 674/674/674 684/684/684 685/685/685
f 674/674/674 685/685/685 675/675/675
f 675/675/675 685/685/685 686/686/686
f 676/676/676 687/687/687 677/677/677
f 677/677/677 687/687/687 688/688/688
f 677/677/677 688/688/688 678/678/678
f 678/678/678 688/688/688 689/689/689
f 678/678/678 689/689/689 679/679/679
f 679/679/679 689/689/689 690/690/690
f 679/679/679 690/690/690 680/680/680
f 680/680/680 690/690/690 691/691/691
f 680/680/680 691/691/691 681/681/681
f 681/681/681 691/691/691 692/692/692
f 681/681/681 692/692/692 682/682/682
f 682/682/682 692/692/692 693/693/693
f 682/682/682 693/693/693 683/683/683
f 683/683/683 693/693/693 694/694/694
f 683/683/683 694/694/694 684/684/684
f 684/684/684 694/694/694 695/695/695
f 684/684/684 695/695/695 685/685/685
f 685/685/685 695/695/695 696/696/696
f 685/685/685 696/696/696 686/686/686
f 686/686/686 696/696/696 697/697/697
g Staff
usemtl ShamanStaff
v -0.2450 -0.0500 0.1000
v -0.2553 -0.0500 0.1247
v -0.2553 1.7500 0.1247
v -0.2450 1.7500 0.1000
v -0.2553 -0.0500 0.1247
v -0.2800 -0.0500 0.1350
v -0.2800 1.7500 0.1350
v -0.2553 1.7500 0.1247
v -0.2800 -0.0500 0.1350
v -0.3047 -0.0500 0.1247
v -0.3047 1.7500 0.1247
v -0.2800 1.7500 0.1350
v -0.3047 -0.0500 0.1247
v -0.3150 -0.0500 0.1000
v -0.3150 1.7500 0.1000
v -0.3047 1.7500 0.1247
v -0.3150 -0.0500 0.1000
v -0.3047 -0.0500 0.0753
v -0.3047 1.7500 0.0753
v -0.3150 1.7500 0.1000
v -0.3047 -0.0500 0.0753
v -0.2800 -0.0500 0.0650
v -0.2800 1.7500 0.0650
v -0.3047 1.7500 0.0753
v -0.2800 -0.0500 0.0650
v -0.2553 -0.0500 0.0753
v -0.2553 1.7500 0.0753
v -0.2800 1.7500 0.0650
v -0.2553 -0.0500 0.0753
v -0.2450 -0.0500 0.1000
v -0.2450 1.7500 0.1000
v -0.2553 1.7500 0.0753
v -0.3700 1.5100 0.1900
v -0.1900 1.5100 0.1900
v -0.1900 1.6900 0.1900
v -0.3700 1.6900 0.1900
v -0.1900 1.5100 0.0100
v -0.3700 1.5100 0.0100
v -0.3700 1.6900 0.0100
v -0.1900 1.6900 0.0100
v -0.3700 1.6900 0.1900
v -0.1900 1.6900 0.1900
v -0.1900 1.6900 0.0100
v -0.3700 1.6900 0.0100
v -0.3700 1.5100 0.0100
v -0.1900 1.5100 0.0100
v -0.1900 1.5100 0.1900
v -0.3700 1.5100 0.1900
v -0.1900 1.5100 0.1900
v -0.1900 1.5100 0.0100
v -0.1900 1.6900 0.0100
v -0.1900 1.6900 0.1900
v -0.3700 1.5100 0.0100
v -0.3700 1.5100 0.1900
v -0.3700 1.6900 0.1900
v -0.3700 1.6900 0.0100
v -0.2800 1.6700 0.1000
v -0.2800 1.6700 0.1000
v -0.2800 1.6700 0.1000
v -0.2800 1.6700 0.1000
v -0.2800 1.6700 0.1000
v -0.2800 1.6700 0.1000
v -0.2800 1.6700 0.1000
v -0.2800 1.6700 0.1000
v -0.2800 1.6700 0.1000
v -0.2800 1.6700 0.1000
v -0.2800 1.6700 0.1000
v -0.2417 1.6776 0.1000
v -0.2490 1.6776 0.1225
v -0.2682 1.6776 0.1364
v -0.2918 1.6776 0.1364
v -0.3110 1.6776 0.1225
v -0.3183 1.6776 0.1000
v -0.3110 1.6776 0.0775
v -0.2918 1.6776 0.0636
v -0.2682 1.6776 0.0636
v -0.2490 1.6776 0.0775
v -0.2417 1.6776 0.1000
v -0.2093 1.6993 0.1000
v -0.2228 1.6993 0.1416
v -0.2581 1.6993 0.1672
v -0.3019 1.6993 0.1672
v -0.3372 1.6993 0.1416
v -0.3507 1.6993 0.1000
v -0.3372 1.6993 0.0584
v -0.3019 1.6993 0.0328
v -0.2581 1.6993 0.0328
v -0.2228 1.6993 0.0584
v -0.2093 1.6993 0.1000
v -0.1876 1.7317 0.1000
v -0.2053 1.7317 0.1543
v -0.2515 1.7317 0.1879
v -0.3085 1.7317 0.1879
v -0.3547 1.7317 0.1543
v -0.3724 1.7317 0.1000
v -0.3547 1.7317 0.0457
v -0.3085 1.7317 0.0121
v -0.2515 1.7317 0.0121
v -0.2053 1.7317 0.0457
v -0.1876 1.7317 0.1000
v -0.1800 1.7700 0.1000
v -0.1991 1.7700 0.1588
v -0.2491 1.7700 0.1951
v -0.3109 1.7700 0.1951
v -0.3609 1.7700 0.1588
v -0.3800 1.7700 0.1000
v -0.3609 1.7700 0.0412
v -0.3109 1.7700 0.0049
v -0.2491 1.7700 0.0049
v -0.1991 1.7700 0.0412
v -0.1800 1.7700 0.1000
v -0.1876 1.8083 0.1000
v -0.2053 1.8083 0.1543
v -0.2515 1.8083 0.1879
v -0.3085 1.8083 0.1879
v -0.3547 1.8083 0.1543
v -0.3724 1.8083 0.1000
v -0.3547 1.8083 0.0457
v -0.3085 1.8083 0.0121
v -0.2515 1.8083 0.0121
v -0.2053 1.8083 0.0457
v -0.1876 1.8083 0.1000
v -0.2093 1.8407 0.1000
v -0.2228 1.8407 0.1416
v -0.2581 1.8407 0.1672
v -0.3019 1.8407 0.1672
v -0.3372 1.8407 0.1416
v -0.3507 1.8407 0.1000
v -0.3372 1.8407 0.0584
v -0.3019 1.8407 0.0328
v -0.2581 1.8407 0.0328
v -0.2228 1.8407 0.0584
v -0.2093 1.8407 0.1000
v -0.2417 1.8624 0.1000
v -0.2490 1.8624 0.1225
v -0.2682 1.8624 0.1364
v -0.2918 1.8624 0.1364
v -0.3110 1.8624 0.1225
v -0.3183 1.8624 0.1000
v -0.3110 1.8624 0.0775
v -0.2918 1.8624 0.0636
v -0.2682 1.8624 0.0636
v -0.2490 1.8624 0.0775
v -0.2417 1.8624 0.1000
v -0.2800 1.8700 0.1000
v -0.2800 1.8700 0.1000
v -0.2800 1.8700 0.1000
v -0.2800 1.8700 0.1000
v -0.2800 1.8700 0.1000
v -0.2800 1.8700 0.1000
v -0.2800 1.8700 0.1000
v -0.2800 1.8700 0.1000
v -0.2800 1.8700 0.1000
v -0.2800 1.8700 0.1000
v -0.2800 1.8700 0.1000
vn 1.0000 0.0000 0.0000
vn 0.7071 0.0000 0.7071
vn 0.7071 0.0000 0.7071
vn 1.0000 0.0000 0.0000
vn 0.7071 0.0000 0.7071
vn 0.0000 0.0000 1.0000
vn 0.0000 0.0000 1.0000
vn 0.7071 0.0000 0.7071
vn 0.0000 0.0000 1.0000
vn -0.7071 0.0000 0.7071
vn -0.7071 0.0000 0.7071
vn 0.0000 0.0000 1.0000
vn -0.7071 0.0000 0.7071
vn -1.0000 0.0000 0.0000
vn -1.0000 0.0000 0.0000
vn -0.7071 0.0000 0.7071
vn -1.0000 0.0000 0.0000
vn -0.7071 0.0000 -0.7071
vn -0.7071 0.0000 -0.7071
vn -1.0000 0.0000 0.0000
vn -0.7071 0.0000 -0.7071
vn -0.0000 0.0000 -1.0000
vn -0.0000 0.0000 -1.0000
vn -0.7071 0.0000 -0.7071
vn -0.0000 0.0000 -1.0000
vn 0.7071 0.0000 -0.7071
vn 0.7071 0.0000 -0.7071
vn -0.0000 0.0000 -1.0000
vn 0.7071 0.0000 -0.7071
vn 1.0000 0.0000 0.0000
vn 1.0000 0.0000 0.0000
vn 0.7071 0.0000 -0.7071
vn 0.0000 0.0000 1.0000
vn 0.0000 0.0000 1.0000
vn 0.0000 0.0000 1.0000
vn 0.0000 0.0000 1.0000
vn 0.0000 0.0000 -1.0000
vn 0.0000 0.0000 -1.0000
vn 0.0000 0.0000 -1.0000
vn 0.0000 0.0000 -1.0000
vn 0.0000 1.0000 0.0000
vn 0.0000 1.0000 0.0000
vn 0.0000 1.0000 0.0000
vn 0.0000 1.0000 0.0000
vn 0.0000 -1.0000 0.0000
vn 0.0000 -1.0000 0.0000
vn 0.0000 -1.0000 0.0000
vn 0.0000 -1.0000 0.0000
vn 1.0000 0.0000 0.0000
vn 1.0000 0.0000 0.0000
vn 1.0000 0.0000 0.0000
vn 1.0000 0.0000 0.0000
vn -1.0000 0.0000 0.0000
vn -1.0000 0.0000 0.0000
vn -1.0000 0.0000 0.0000
vn -1.0000 0.0000 0.0000
vn 0.0000 -1.0000 0.0000
vn 0.0000 -1.0000 0.0000
vn 0.0000 -1.0000 0.0000
vn -0.0000 -1.0000 0.0000
vn -0.0000 -1.0000 0.0000
vn -0.0000 -1.0000 0.0000
vn -0.0000 -1.0000 -0.0000
vn -0.0000 -1.0000 -0.0000
vn 0.0000 -1.0000 -0.0000
vn 0.0000 -1.0000 -0.0000
vn 0.0000 -1.0000 -0.0000
vn 0.3827 -0.9239 0.0000
vn 0.3096 -0.9239 0.2249
vn 0.1183 -0.9239 0.3640
vn -0.1183 -0.9239 0.3640
vn -0.3096 -0.9239 0.2249
vn -0.3827 -0.9239 0.0000
vn -0.3096 -0.9239 -0.2249
vn -0.1183 -0.9239 -0.3640
vn 0.1183 -0.9239 -0.3640
vn 0.3096 -0.9239 -0.2249
vn 0.3827 -0.9239 -0.0000
vn 0.7071 -0.7071 0.0000
vn 0.5721 -0.7071 0.4156
vn 0.2185 -0.7071 0.6725
vn -0.2185 -0.7071 0.6725
vn -0.5721 -0.7071 0.4156
vn -0.7071 -0.7071 0.0000
vn -0.5721 -0.7071 -0.4156
vn -0.2185 -0.7071 -0.6725
vn 0.2185 -0.7071 -0.6725
vn 0.5721 -0.7071 -0.4156
vn 0.7071 -0.7071 -0.0000
vn 0.9239 -0.3827 0.0000
vn 0.7474 -0.3827 0.5430
vn 0.2855 -0.3827 0.8787
vn -0.2855 -0.3827 0.8787
vn -0.7474 -0.3827 0.5430
vn -0.9239 -0.3827 0.0000
vn -0.7474 -0.3827 -0.5430
vn -0.2855 -0.3827 -0.8787
vn 0.2855 -0.3827 -0.8787
vn 0.7474 -0.3827 -0.5430
vn 0.9239 -0.3827 -0.0000
vn 1.0000 0.0000 0.0000
vn 0.8090 0.0000 0.5878
vn 0.3090 0.0000 0.9511
vn -0.3090 0.0000 0.9511
vn -0.8090 0.0000 0.5878
vn -1.0000 0.0000 0.0000
vn -0.8090 0.0000 -0.5878
vn -0.3090 0.0000 -0.9511
vn 0.3090 0.0000 -0.9511
vn 0.8090 0.0000 -0.5878
vn 1.0000 0.0000 -0.0000
vn 0.9239 0.3827 0.0000
vn 0.7474 0.3827 0.5430
vn 0.2855 0.3827 0.8787
vn -0.2855 0.3827 0.8787
vn -0.7474 0.3827 0.5430
vn -0.9239 0.3827 0.0000
vn -0.7474 0.3827 -0.5430
vn -0.2855 0.3827 -0.8787
vn 0.2855 0.3827 -0.8787
vn 0.7474 0.3827 -0.5430
vn 0.9239 0.3827 -0.0000
vn 0.7071 0.7071 0.0000
vn 0.5721 0.7071 0.4156
vn 0.2185 0.7071 0.6725
vn -0.2185 0.7071 0.6725
vn -0.5721 0.7071 0.4156
vn -0.7071 0.7071 0.0000
vn -0.5721 0.7071 -0.4156
vn -0.2185 0.7071 -0.6725
vn 0.2185 0.7071 -0.6725
vn 0.5721 0.7071 -0.4156
vn 0.7071 0.7071 -0.0000
vn 0.3827 0.9239 0.0000
vn 0.3096 0.9239 0.2249
vn 0.1183 0.9239 0.3640
vn -0.1183 0.9239 0.3640
vn -0.3096 0.9239 0.2249
vn -0.3827 0.9239 0.0000
vn -0.3096 0.9239 -0.2249
vn -0.1183 0.9239 -0.3640
vn 0.1183 0.9239 -0.3640
vn 0.3096 0.9239 -0.2249
vn 0.3827 0.9239 -0.0000
vn 0.0000 1.0000 0.0000
vn 0.0000 1.0000 0.0000
vn 0.0000 1.0000 0.0000
vn -0.0000 1.0000 0.0000
vn -0.0000 1.0000 0.0000
vn -0.0000 1.0000 0.0000
vn -0.0000 1.0000 -0.0000
vn -0.0000 1.0000 -0.0000
vn 0.0000 1.0000 -0.0000
vn 0.0000 1.0000 -0.0000
vn 0.0000 1.0000 -0.0000
vt 0.0000 0.0000
vt 0.1250 0.0000
vt 0.1250 1.0000
vt 0.0000 1.0000
vt 0.1250 0.0000
vt 0.2500 0.0000
vt 0.2500 1.0000
vt 0.1250 1.0000
vt 0.2500 0.0000
vt 0.3750 0.0000
vt 0.3750 1.0000
vt 0.2500 1.0000
vt 0.3750 0.0000
vt 0.5000 0.0000
vt 0.5000 1.0000
vt 0.3750 1.0000
vt 0.5000 0.0000
vt 0.6250 0.0000
vt 0.6250 1.0000
vt 0.5000 1.0000
vt 0.6250 0.0000
vt 0.7500 0.0000
vt 0.7500 1.0000
vt 0.6250 1.0000
vt 0.7500 0.0000
vt 0.8750 0.0000
vt 0.8750 1.0000
vt 0.7500 1.0000
vt 0.8750 0.0000
vt 1.0000 0.0000
vt 1.0000 1.0000
vt 0.8750 1.0000
vt 0.0000 0.0000
vt 1.0000 0.0000
vt 1.0000 1.0000
vt 0.0000 1.0000
vt 0.0000 0.0000
vt 1.0000 0.0000
vt 1.0000 1.0000
vt 0.0000 1.0000
vt 0.0000 0.0000
vt 1.0000 0.0000
vt 1.0000 1.0000
vt 0.0000 1.0000
vt 0.0000 0.0000
vt 1.0000 0.0000
vt 1.0000 1.0000
vt 0.0000 1.0000
vt 0.0000 0.0000
vt 1.0000 0.0000
vt 1.0000 1.0000
vt 0.0000 1.0000
vt 0.0000 0.0000
vt 1.0000 0.0000
vt 1.0000 1.0000
vt 0.0000 1.0000
vt 0.0000 0.0000
vt 0.1000 0.0000
vt 0.2000 0.0000
vt 0.3000 0.0000
vt 0.4000 0.0000
vt 0.5000 0.0000
vt 0.6000 0.0000
vt 0.7000 0.0000
vt 0.8000 0.0000
vt 0.9000 0.0000
vt 1.0000 0.0000
vt 0.0000 0.1250
vt 0.1000 0.1250
vt 0.2000 0.1250
vt 0.3000 0.1250
vt 0.4000 0.1250
vt 0.5000 0.1250
vt 0.6000 0.1250
vt 0.7000 0.1250
vt 0.8000 0.1250
vt 0.9000 0.1250
vt 1.0000 0.1250
vt 0.0000 0.2500
vt 0.1000 0.2500
vt 0.2000 0.2500
vt 0.3000 0.2500
vt 0.4000 0.2500
vt 0.5000 0.2500
vt 0.6000 0.2500
vt 0.7000 0.2500
vt 0.8000 0.2500
vt 0.9000 0.2500
vt 1.0000 0.2500
vt 0.0000 0.3750
vt 0.1000 0.3750
vt 0.2000 0.3750
vt 0.3000 0.3750
vt 0.4000 0.3750
vt 0.5000 0.3750
vt 0.6000 0.3750
vt 0.7000 0.3750
vt 0.8000 0.3750
vt 0.9000 0.3750
vt 1.0000 0.3750
vt 0.0000 0.5000
vt 0.1000 0.5000
vt 0.2000 0.5000
vt 0.3000 0.5000
vt 0.4000 0.5000
vt 0.5000 0.5000
vt 0.6000 0.5000
vt 0.7000 0.5000
vt 0.8000 0.5000
vt 0.9000 0.5000
vt 1.0000 0.5000
vt 0.0000 0.6250
vt 0.1000 0.6250
vt 0.2000 0.6250
vt 0.3000 0.6250
vt 0.4000 0.6250
vt 0.5000 0.6250
vt 0.6000 0.6250
vt 0.7000 0.6250
vt 0.8000 0.6250
vt 0.9000 0.6250
vt 1.0000 0.6250
vt 0.0000 0.7500
vt 0.1000 0.7500
vt 0.2000 0.7500
vt 0.3000 0.7500
vt 0.4000 0.7500
vt 0.5000 0.7500
vt 0.6000 0.7500
vt 0.7000 0.7500
vt 0.8000 0.7500
vt 0.9000 0.7500
vt 1.0000 0.7500
vt 0.0000 0.8750
vt 0.1000 0.8750
vt 0.2000 0.8750
vt 0.3000 0.8750
vt 0.4000 0.8750
vt 0.5000 0.8750
vt 0.6000 0.8750
vt 0.7000 0.8750
vt 0.8000 0.8750
vt 0.9000 0.8750
vt 1.0000 0.8750
vt 0.0000 1.0000
vt 0.1000 1.0000
vt 0.2000 1.0000
vt 0.3000 1.0000
vt 0.4000 1.0000
vt 0.5000 1.0000
vt 0.6000 1.0000
vt 0.7000 1.0000
vt 0.8000 1.0000
vt 0.9000 1.0000
vt 1.0000 1.0000
f 698/698/698 699/699/699 700/700/700
f 698/698/698 700/700/700 701/701/701
f 702/702/702 703/703/703 704/704/704
f 702/702/702 704/704/704 705/705/705
f 706/706/706 707/707/707 708/708/708
f 706/706/706 708/708/708 709/709/709
f 710/710/710 711/711/711 712/712/712
f 710/710/710 712/712/712 713/713/713
f 714/714/714 715/715/715 716/716/716
f 714/714/714 716/716/716 717/717/717
f 718/718/718 719/719/719 720/720/720
f 718/718/718 720/720/720 721/721/721
f 722/722/722 723/723/723 724/724/724
f 722/722/722 724/724/724 725/725/725
f 726/726/726 727/727/727 728/728/728
f 726/726/726 728/728/728 729/729/729
f 730/730/730 731/731/731 732/732/732
f 730/730/730 732/732/732 733/733/733
f 734/734/734 735/735/735 736/736/736
f 734/734/734 736/736/736 737/737/737
f 738/738/738 739/739/739 740/740/740
f 738/738/738 740/740/740 741/741/741
f 742/742/742 743/743/743 744/744/744
f 742/742/742 744/744/744 745/745/745
f 746/746/746 747/747/747 748/748/748
f 746/746/746 748/748/748 749/749/749
f 750/750/750 751/751/751 752/752/752
f 750/750/750 752/752/752 753/753/753
f 754/754/754 765/765/765 755/755/755
f 755/755/755 765/765/765 766/766/766
f 755/755/755 766/766/766 756/756/756
f 756/756/756 766/766/766 767/767/767
f 756/756/756 767/767/767 757/757/757
f 757/757/757 767/767/767 768/768/768
f 757/757/757 768/768/768 758/758/758
f 758/758/758 768/768/768 769/769/769
f 758/758/758 769/769/769 759/759/759
f 759/759/759 769/769/769 770/770/770
f 759/759/759 770/770/770 760/760/760
f 760/760/760 770/770/770 771/771/771
f 760/760/760 771/771/771 761/761/761
f 761/761/761 771/771/771 772/772/772
f 761/761/761 772/772/772 762/762/762
f 762/762/762 772/772/772 773/773/773
f 762/762/762 773/773/773 763/763/763
f 763/763/763 773/773/773 774/774/774
f 763/763/763 774/774/774 764/764/764
f 764/764/764 774/774/774 775/775/775
f 765/765/765 776/776/776 766/766/766
f 766/766/766 776/776/776 777/777/777
f 766/766/766 777/777/777 767/767/767
f 767/767/767 777/777/777 778/778/778
f 767/767/767 778/778/778 768/768/768
f 768/768/768 778/778/778 779/779/779
f 768/768/768 779/779/779 769/769/769
f 769/769/769 779/779/779 780/780/780
f 769/769/769 780/780/780 770/770/770
f 770/770/770 780/780/780 781/781/781
f 770/770/770 781/781/781 771/771/771
f 771/771/771 781/781/781 782/782/782
f 771/771/771 782/782/782 772/772/772
f 772/772/772 782/782/782 783/783/783
f 772/772/772 783/783/783 773/773/773
f 773/773/773 783/783/783 784/784/784
f 773/773/773 784/784/784 774/774/774
f 774/774/774 784/784/784 785/785/785
f 774/774/774 785/785/785 775/775/775
f 775/775/775 785/785/785 786/786/786
f 776/776/776 787/787/787 777/777/777
f 777/777/777 787/787/787 788/788/788
f 777/777/777 788/788/788 778/778/778
f 778/778/778 788/788/788 789/789/789
f 778/778/778 789/789/789 779/779/779
f 779/779/779 789/789/789 790/790/790
f 779/779/779 790/790/790 780/780/780
f 780/780/780 790/790/790 791/791/791
f 780/780/780 791/791/791 781/781/781
f 781/781/781 791/791/791 792/792/792
f 781/781/781 792/792/792 782/782/782
f 782/782/782 792/792/792 793/793/793
f 782/782/782 793/793/793 783/783/783
f 783/783/783 793/793/793 794/794/794
f 783/783/783 794/794/794 784/784/784
f 784/784/784 794/794/794 795/795/795
f 784/784/784 795/795/795 785/785/785
f 785/785/785 795/795/795 796/796/796
f 785/785/785 796/796/796 786/786/786
f 786/786/786 796/796/796 797/797/797
f 787/787/787 798/798/798 788/788/788
f 788/788/788 798/798/798 799/799/799
f 788/788/788 799/799/799 789/789/789
f 789/789/789 799/799/799 800/800/800
f 789/789/789 800/800/800 790/790/790
f 790/790/790 800/800/800 801/801/801
f 790/790/790 801/801/801 791/791/791
f 791/791/791 801/801/801 802/802/802
f 791/791/791 802/802/802 792/792/792
f 792/792/792 802/802/802 803/803/803
f 792/792/792 803/803/803 793/793/793
f 793/793/793 803/803/803 804/804/804
f 793/793/793 804/804/804 794/794/794
f 794/794/794 804/804/804 805/805/805
f 794/794/794 805/805/805 795/795/795
f 795/795/795 805/805/805 806/806/806
f 795/795/795 806/806/806 796/796/796
f 796/796/796 806/806/806 807/807/807
f 796/796/796 807/807/807 797/797/797
f 797/797/797 807/807/807 808/808/808
f 798/798/798 809/809/809 799/799/799
f 799/799/799 809/809/809 810/810/810
f 799/799/799 810/810/810 800/800/800
f 800/800/800 810/810/810 811/811/811
f 800/800/800 811/811/811 801/801/801
f 801/801/801 811/811/811 812/812/812
f 801/801/801 812/812/812 802/802/802
f 802/802/802 812/812/812 813/813/813
f 802/802/802 813/813/813 803/803/803
f 803/803/803 813/813/813 814/814/814
f 803/803/803 814/814/814 804/804/804
f 804/804/804 814/814/814 815/815/815
f 804/804/804 815/815/815 805/805/805
f 805/805/805 815/815/815 816/816/816
f 805/805/805 816/816/816 806/806/806
f 806/806/806 816/816/816 817/817/817
f 806/806/806 817/817/817 807/807/807
f 807/807/807 817/817/817 818/818/818
f 807/807/807 818/818/818 808/808/808
f 808/808/808 818/818/818 819/819/819
f 809/809/809 820/820/820 810/810/810
f 810/810/810 820/820/820 821/821/821
f 810/810/810 821/821/821 811/811/811
f 811/811/811 821/821/821 822/822/822
f 811/811/811 822/822/822 812/812/812
f 812/812/812 822/822/822 823/823/823
f 812/812/812 823/823/823 813/813/813
f 813/813/813 823/823/823 824/824/824
f 813/813/813 824/824/824 814/814/814
f 814/814/814 824/824/824 825/825/825
f 814/814/814 825/825/825 815/815/815
f 815/815/815 825/825/825 826/826/826
f 815/815/815 826/826/826 816/816/816
f 816/816/816 826/826/826 827/827/827
f 816/816/816 827/827/827 817/817/817
f 817/817/817 827/827/827 828/828/828
f 817/817/817 828/828/828 818/818/818
f 818/818/818 828/828/828 829/829/829
f 818/818/818 829/829/829 819/819/819
f 819/819/819 829/829/829 830/830/830
f 820/820/820 831/831/831 821/821/821
f 821/821/821 831/831/831 832/832/832
f 821/821/821 832/832/832 822/822/822
f 822/822/822 832/832/832 833/833/833
f 822/822/822 833/833/833 823/823/823
f 823/823/823 833/833/833 834/834/834
f 823/823/823 834/834/834 824/824/824
f 824/824/824 834/834/834 835/835/835
f 824/824/824 835/835/835 825/825/825
f 825/825/825 835/835/835 836/836/836
f 825/825/825 836/836/836 826/826/826
f 826/826/826 836/836/836 837/837/837
f 826/826/826 837/837/837 827/827/827
f 827/827/827 837/837/837 838/838/838
f 827/827/827 838/838/838 828/828/828
f 828/828/828 838/838/838 839/839/839
f 828/828/828 839/839/839 829/829/829
f 829/829/829 839/839/839 840/840/840
f 829/829/829 840/840/840 830/830/830
f 830/830/830 840/840/840 841/841/841
f 831/831/831 842/842/842 832/832/832
f 832/832/832 842/842/842 843/843/843
f 832/832/832 843/843/843 833/833/833
f 833/833/833 843/843/843 844/844/844
f 833/833/833 844/844/844 834/834/834
f 834/834/834 844/844/844 845/845/845
f 834/834/834 845/845/845 835/835/835
f 835/835/835 845/845/845 846/846/846
f 835/835/835 846/846/846 836/836/836
f 836/836/836 846/846/846 847/847/847
f 836/836/836 847/847/847 837/837/837
f 837/837/837 847/847/847 848/848/848
f 837/837/837 848/848/848 838/838/838
f 838/838/838 848/848/848 849/849/849
f 838/838/838 849/849/849 839/839/839
f 839/839/839 849/849/849 850/850/850
f 839/839/839 850/850/850 840/840/840
f 840/840/840 850/850/850 851/851/851
f 840/840/840 851/851/851 841/841/841
f 841/841/841 851/851/851 852/852/852
g LegL
usemtl ShamanRobe
v 0.1900 0.2500 0.0000
v 0.1695 0.2500 0.0495
v 0.1766 0.5500 0.0566
v 0.2000 0.5500 0.0000
v 0.1695 0.2500 0.0495
v 0.1200 0.2500 0.0700
v 0.1200 0.5500 0.0800
v 0.1766 0.5500 0.0566
v 0.1200 0.2500 0.0700
v 0.0705 0.2500 0.0495
v 0.0634 0.5500 0.0566
v 0.1200 0.5500 0.0800
v 0.0705 0.2500 0.0495
v 0.0500 0.2500 0.0000
v 0.0400 0.5500 0.0000
v 0.0634 0.5500 0.0566
v 0.0500 0.2500 0.0000
v 0.0705 0.2500 -0.0495
v 0.0634 0.5500 -0.0566
v 0.0400 0.5500 0.0000
v 0.0705 0.2500 -0.0495
v 0.1200 0.2500 -0.0700
v 0.1200 0.5500 -0.0800
v 0.0634 0.5500 -0.0566
v 0.1200 0.2500 -0.0700
v 0.1695 0.2500 -0.0495
v 0.1766 0.5500 -0.0566
v 0.1200 0.5500 -0.0800
v 0.1695 0.2500 -0.0495
v 0.1900 0.2500 0.0000
v 0.2000 0.5500 0.0000
v 0.1766 0.5500 -0.0566
v 0.1800 0.0000 0.0000
v 0.1624 0.0000 0.0424
v 0.1695 0.3000 0.0495
v 0.1900 0.3000 0.0000
v 0.1624 0.0000 0.0424
v 0.1200 0.0000 0.0600
v 0.1200 0.3000 0.0700
v 0.1695 0.3000 0.0495
v 0.1200 0.0000 0.0600
v 0.0776 0.0000 0.0424
v 0.0705 0.3000 0.0495
v 0.1200 0.3000 0.0700
v 0.0776 0.0000 0.0424
v 0.0600 0.0000 0.0000
v 0.0500 0.3000 0.0000
v 0.0705 0.3000 0.0495
v 0.0600 0.0000 0.0000
v 0.0776 0.0000 -0.0424
v 0.0705 0.3000 -0.0495
v 0.0500 0.3000 0.0000
v 0.0776 0.0000 -0.0424
v 0.1200 0.0000 -0.0600
v 0.1200 0.3000 -0.0700
v 0.0705 0.3000 -0.0495
v 0.1200 0.0000 -0.0600
v 0.1624 0.0000 -0.0424
v 0.1695 0.3000 -0.0495
v 0.1200 0.3000 -0.0700
v 0.1624 0.0000 -0.0424
v 0.1800 0.0000 0.0000
v 0.1900 0.3000 0.0000
v 0.1695 0.3000 -0.0495
v 0.0700 -0.0500 0.1500
v 0.1700 -0.0500 0.1500
v 0.1700 0.0300 0.1500
v 0.0700 0.0300 0.1500
v 0.1700 -0.0500 -0.0500
v 0.0700 -0.0500 -0.0500
v 0.0700 0.0300 -0.0500
v 0.1700 0.0300 -0.0500
v 0.0700 0.0300 0.1500
v 0.1700 0.0300 0.1500
v 0.1700 0.0300 -0.0500
v 0.0700 0.0300 -0.0500
v 0.0700 -0.0500 -0.0500
v 0.1700 -0.0500 -0.0500
v 0.1700 -0.0500 0.1500
v 0.0700 -0.0500 0.1500
v 0.1700 -0.0500 0.1500
v 0.1700 -0.0500 -0.0500
v 0.1700 0.0300 -0.0500
v 0.1700 0.0300 0.1500
v 0.0700 -0.0500 -0.0500
v 0.0700 -0.0500 0.1500
v 0.0700 0.0300 0.1500
v 0.0700 0.0300 -0.0500
vn 1.0000 0.0000 0.0000
vn 0.7071 0.0000 0.7071
vn 0.7071 0.0000 0.7071
vn 1.0000 0.0000 0.0000
vn 0.7071 0.0000 0.7071
vn 0.0000 0.0000 1.0000
vn 0.0000 0.0000 1.0000
vn 0.7071 0.0000 0.7071
vn 0.0000 0.0000 1.0000
vn -0.7071 0.0000 0.7071
vn -0.7071 0.0000 0.7071
vn 0.0000 0.0000 1.0000
vn -0.7071 0.0000 0.7071
vn -1.0000 0.0000 0.0000
vn -1.0000 0.0000 0.0000
vn -0.7071 0.0000 0.7071
vn -1.0000 0.0000 0.0000
vn -0.7071 0.0000 -0.7071
vn -0.7071 0.0000 -0.7071
vn -1.0000 0.0000 0.0000
vn -0.7071 0.0000 -0.7071
vn -0.0000 0.0000 -1.0000
vn -0.0000 0.0000 -1.0000
vn -0.7071 0.0000 -0.7071
vn -0.0000 0.0000 -1.0000
vn 0.7071 0.0000 -0.7071
vn 0.7071 0.0000 -0.7071
vn -0.0000 0.0000 -1.0000
vn 0.7071 0.0000 -0.7071
vn 1.0000 0.0000 0.0000
vn 1.0000 0.0000 0.0000
vn 0.7071 0.0000 -0.7071
vn 1.0000 0.0000 0.0000
vn 0.7071 0.0000 0.7071
vn 0.7071 0.0000 0.7071
vn 1.0000 0.0000 0.0000
vn 0.7071 0.0000 0.7071
vn 0.0000 0.0000 1.0000
vn 0.0000 0.0000 1.0000
vn 0.7071 0.0000 0.7071
vn 0.0000 0.0000 1.0000
vn -0.7071 0.0000 0.7071
vn -0.7071 0.0000 0.7071
vn 0.0000 0.0000 1.0000
vn -0.7071 0.0000 0.7071
vn -1.0000 0.0000 0.0000
vn -1.0000 0.0000 0.0000
vn -0.7071 0.0000 0.7071
vn -1.0000 0.0000 0.0000
vn -0.7071 0.0000 -0.7071
vn -0.7071 0.0000 -0.7071
vn -1.0000 0.0000 0.0000
vn -0.7071 0.0000 -0.7071
vn -0.0000 0.0000 -1.0000
vn -0.0000 0.0000 -1.0000
vn -0.7071 0.0000 -0.7071
vn -0.0000 0.0000 -1.0000
vn 0.7071 0.0000 -0.7071
vn 0.7071 0.0000 -0.7071
vn -0.0000 0.0000 -1.0000
vn 0.7071 0.0000 -0.7071
vn 1.0000 0.0000 0.0000
vn 1.0000 0.0000 0.0000
vn 0.7071 0.0000 -0.7071
vn 0.0000 0.0000 1.0000
vn 0.0000 0.0000 1.0000
vn 0.0000 0.0000 1.0000
vn 0.0000 0.0000 1.0000
vn 0.0000 0.0000 -1.0000
vn 0.0000 0.0000 -1.0000
vn 0.0000 0.0000 -1.0000
vn 0.0000 0.0000 -1.0000
vn 0.0000 1.0000 0.0000
vn 0.0000 1.0000 0.0000
vn 0.0000 1.0000 0.0000
vn 0.0000 1.0000 0.0000
vn 0.0000 -1.0000 0.0000
vn 0.0000 -1.0000 0.0000
vn 0.0000 -1.0000 0.0000
vn 0.0000 -1.0000 0.0000
vn 1.0000 0.0000 0.0000
vn 1.0000 0.0000 0.0000
vn 1.0000 0.0000 0.0000
vn 1.0000 0.0000 0.0000
vn -1.0000 0.0000 0.0000
vn -1.0000 0.0000 0.0000
vn -1.0000 0.0000 0.0000
vn -1.0000 0.0000 0.0000
vt 0.0000 0.0000
vt 0.1250 0.0000
vt 0.1250 1.0000
vt 0.0000 1.0000
vt 0.1250 0.0000
vt 0.2500 0.0000
vt 0.2500 1.0000
vt 0.1250 1.0000
vt 0.2500 0.0000
vt 0.3750 0.0000
vt 0.3750 1.0000
vt 0.2500 1.0000
vt 0.3750 0.0000
vt 0.5000 0.0000
vt 0.5000 1.0000
vt 0.3750 1.0000
vt 0.5000 0.0000
vt 0.6250 0.0000
vt 0.6250 1.0000
vt 0.5000 1.0000
vt 0.6250 0.0000
vt 0.7500 0.0000
vt 0.7500 1.0000
vt 0.6250 1.0000
vt 0.7500 0.0000
vt 0.8750 0.0000
vt 0.8750 1.0000
vt 0.7500 1.0000
vt 0.8750 0.0000
vt 1.0000 0.0000
vt 1.0000 1.0000
vt 0.8750 1.0000
vt 0.0000 0.0000
vt 0.1250 0.0000
vt 0.1250 1.0000
vt 0.0000 1.0000
vt 0.1250 0.0000
vt 0.2500 0.0000
vt 0.2500 1.0000
vt 0.1250 1.0000
vt 0.2500 0.0000
vt 0.3750 0.0000
vt 0.3750 1.0000
vt 0.2500 1.0000
vt 0.3750 0.0000
vt 0.5000 0.0000
vt 0.5000 1.0000
vt 0.3750 1.0000
vt 0.5000 0.0000
vt 0.6250 0.0000
vt 0.6250 1.0000
vt 0.5000 1.0000
vt 0.6250 0.0000
vt 0.7500 0.0000
vt 0.7500 1.0000
vt 0.6250 1.0000
vt 0.7500 0.0000
vt 0.8750 0.0000
vt 0.8750 1.0000
vt 0.7500 1.0000
vt 0.8750 0.0000
vt 1.0000 0.0000
vt 1.0000 1.0000
vt 0.8750 1.0000
vt 0.0000 0.0000
vt 1.0000 0.0000
vt 1.0000 1.0000
vt 0.0000 1.0000
vt 0.0000 0.0000
vt 1.0000 0.0000
vt 1.0000 1.0000
vt 0.0000 1.0000
vt 0.0000 0.0000
vt 1.0000 0.0000
vt 1.0000 1.0000
vt 0.0000 1.0000
vt 0.0000 0.0000
vt 1.0000 0.0000
vt 1.0000 1.0000
vt 0.0000 1.0000
vt 0.0000 0.0000
vt 1.0000 0.0000
vt 1.0000 1.0000
vt 0.0000 1.0000
vt 0.0000 0.0000
vt 1.0000 0.0000
vt 1.0000 1.0000
vt 0.0000 1.0000
f 853/853/853 854/854/854 855/855/855
f 853/853/853 855/855/855 856/856/856
f 857/857/857 858/858/858 859/859/859
f 857/857/857 859/859/859 860/860/860
f 861/861/861 862/862/862 863/863/863
f 861/861/861 863/863/863 864/864/864
f 865/865/865 866/866/866 867/867/867
f 865/865/865 867/867/867 868/868/868
f 869/869/869 870/870/870 871/871/871
f 869/869/869 871/871/871 872/872/872
f 873/873/873 874/874/874 875/875/875
f 873/873/873 875/875/875 876/876/876
f 877/877/877 878/878/878 879/879/879
f 877/877/877 879/879/879 880/880/880
f 881/881/881 882/882/882 883/883/883
f 881/881/881 883/883/883 884/884/884
f 885/885/885 886/886/886 887/887/887
f 885/885/885 887/887/887 888/888/888
f 889/889/889 890/890/890 891/891/891
f 889/889/889 891/891/891 892/892/892
f 893/893/893 894/894/894 895/895/895
f 893/893/893 895/895/895 896/896/896
f 897/897/897 898/898/898 899/899/899
f 897/897/897 899/899/899 900/900/900
f 901/901/901 902/902/902 903/903/903
f 901/901/901 903/903/903 904/904/904
f 905/905/905 906/906/906 907/907/907
f 905/905/905 907/907/907 908/908/908
f 909/909/909 910/910/910 911/911/911
f 909/909/909 911/911/911 912/912/912
f 913/913/913 914/914/914 915/915/915
f 913/913/913 915/915/915 916/916/916
f 917/917/917 918/918/918 919/919/919
f 917/917/917 919/919/919 920/920/920
f 921/921/921 922/922/922 923/923/923
f 921/921/921 923/923/923 924/924/924
f 925/925/925 926/926/926 927/927/927
f 925/925/925 927/927/927 928/928/928
f 929/929/929 930/930/930 931/931/931
f 929/929/929 931/931/931 932/932/932
f 933/933/933 934/934/934 935/935/935
f 933/933/933 935/935/935 936/936/936
f 937/937/937 938/938/938 939/939/939
f 937/937/937 939/939/939 940/940/940
g LegR
usemtl ShamanRobe
v -0.0500 0.2500 0.0000
v -0.0705 0.2500 0.0495
v -0.0634 0.5500 0.0566
v -0.0400 0.5500 0.0000
v -0.0705 0.2500 0.0495
v -0.1200 0.2500 0.0700
v -0.1200 0.5500 0.0800
v -0.0634 0.5500 0.0566
v -0.1200 0.2500 0.0700
v -0.1695 0.2500 0.0495
v -0.1766 0.5500 0.0566
v -0.1200 0.5500 0.0800
v -0.1695 0.2500 0.0495
v -0.1900 0.2500 0.0000
v -0.2000 0.5500 0.0000
v -0.1766 0.5500 0.0566
v -0.1900 0.2500 0.0000
v -0.1695 0.2500 -0.0495
v -0.1766 0.5500 -0.0566
v -0.2000 0.5500 0.0000
v -0.1695 0.2500 -0.0495
v -0.1200 0.2500 -0.0700
v -0.1200 0.5500 -0.0800
v -0.1766 0.5500 -0.0566
v -0.1200 0.2500 -0.0700
v -0.0705 0.2500 -0.0495
v -0.0634 0.5500 -0.0566
v -0.1200 0.5500 -0.0800
v -0.0705 0.2500 -0.0495
v -0.0500 0.2500 0.0000
v -0.0400 0.5500 0.0000
v -0.0634 0.5500 -0.0566
v -0.0600 0.0000 0.0000
v -0.0776 0.0000 0.0424
v -0.0705 0.3000 0.0495
v -0.0500 0.3000 0.0000
v -0.0776 0.0000 0.0424
v -0.1200 0.0000 0.0600
v -0.1200 0.3000 0.0700
v -0.0705 0.3000 0.0495
v -0.1200 0.0000 0.0600
v -0.1624 0.0000 0.0424
v -0.1695 0.3000 0.0495
v -0.1200 0.3000 0.0700
v -0.1624 0.0000 0.0424
v -0.1800 0.0000 0.0000
v -0.1900 0.3000 0.0000
v -0.1695 0.3000 0.0495
v -0.1800 0.0000 0.0000
v -0.1624 0.0000 -0.0424
v -0.1695 0.3000 -0.0495
v -0.1900 0.3000 0.0000
v -0.1624 0.0000 -0.0424
v -0.1200 0.0000 -0.0600
v -0.1200 0.3000 -0.0700
v -0.1695 0.3000 -0.0495
v -0.1200 0.0000 -0.0600
v -0.0776 0.0000 -0.0424
v -0.0705 0.3000 -0.0495
v -0.1200 0.3000 -0.0700
v -0.0776 0.0000 -0.0424
v -0.0600 0.0000 0.0000
v -0.0500 0.3000 0.0000
v -0.0705 0.3000 -0.0495
v -0.1700 -0.0500 0.1500
v -0.0700 -0.0500 0.1500
v -0.0700 0.0300 0.1500
v -0.1700 0.0300 0.1500
v -0.0700 -0.0500 -0.0500
v -0.1700 -0.0500 -0.0500
v -0.1700 0.0300 -0.0500
v -0.0700 0.0300 -0.0500
v -0.1700 0.0300 0.1500
v -0.0700 0.0300 0.1500
v -0.0700 0.0300 -0.0500
v -0.1700 0.0300 -0.0500
v -0.1700 -0.0500 -0.0500
v -0.0700 -0.0500 -0.0500
v -0.0700 -0.0500 0.1500
v -0.1700 -0.0500 0.1500
v -0.0700 -0.0500 0.1500
v -0.0700 -0.0500 -0.0500
v -0.0700 0.0300 -0.0500
v -0.0700 0.0300 0.1500
v -0.1700 -0.0500 -0.0500
v -0.1700 -0.0500 0.1500
v -0.1700 0.0300 0.1500
v -0.1700 0.0300 -0.0500
vn 1.0000 0.0000 0.0000
vn 0.7071 0.0000 0.7071
vn 0.7071 0.0000 0.7071
vn 1.0000 0.0000 0.0000
vn 0.7071 0.0000 0.7071
vn 0.0000 0.0000 1.0000
vn 0.0000 0.0000 1.0000
vn 0.7071 0.0000 0.7071
vn 0.0000 0.0000 1.0000
vn -0.7071 0.0000 0.7071
vn -0.7071 0.0000 0.7071
vn 0.0000 0.0000 1.0000
vn -0.7071 0.0000 0.7071
vn -1.0000 0.0000 0.0000
vn -1.0000 0.0000 0.0000
vn -0.7071 0.0000 0.7071
vn -1.0000 0.0000 0.0000
vn -0.7071 0.0000 -0.7071
vn -0.7071 0.0000 -0.7071
vn -1.0000 0.0000 0.0000
vn -0.7071 0.0000 -0.7071
vn -0.0000 0.0000 -1.0000
vn -0.0000 0.0000 -1.0000
vn -0.7071 0.0000 -0.7071
vn -0.0000 0.0000 -1.0000
vn 0.7071 0.0000 -0.7071
vn 0.7071 0.0000 -0.7071
vn -0.0000 0.0000 -1.0000
vn 0.7071 0.0000 -0.7071
vn 1.0000 0.0000 0.0000
vn 1.0000 0.0000 0.0000
vn 0.7071 0.0000 -0.7071
vn 1.0000 0.0000 0.0000
vn 0.7071 0.0000 0.7071
vn 0.7071 0.0000 0.7071
vn 1.0000 0.0000 0.0000
vn 0.7071 0.0000 0.7071
vn 0.0000 0.0000 1.0000
vn 0.0000 0.0000 1.0000
vn 0.7071 0.0000 0.7071
vn 0.0000 0.0000 1.0000
vn -0.7071 0.0000 0.7071
vn -0.7071 0.0000 0.7071
vn 0.0000 0.0000 1.0000
vn -0.7071 0.0000 0.7071
vn -1.0000 0.0000 0.0000
vn -1.0000 0.0000 0.0000
vn -0.7071 0.0000 0.7071
vn -1.0000 0.0000 0.0000
vn -0.7071 0.0000 -0.7071
vn -0.7071 0.0000 -0.7071
vn -1.0000 0.0000 0.0000
vn -0.7071 0.0000 -0.7071
vn -0.0000 0.0000 -1.0000
vn -0.0000 0.0000 -1.0000
vn -0.7071 0.0000 -0.7071
vn -0.0000 0.0000 -1.0000
vn 0.7071 0.0000 -0.7071
vn 0.7071 0.0000 -0.7071
vn -0.0000 0.0000 -1.0000
vn 0.7071 0.0000 -0.7071
vn 1.0000 0.0000 0.0000
vn 1.0000 0.0000 0.0000
vn 0.7071 0.0000 -0.7071
vn 0.0000 0.0000 1.0000
vn 0.0000 0.0000 1.0000
vn 0.0000 0.0000 1.0000
vn 0.0000 0.0000 1.0000
vn 0.0000 0.0000 -1.0000
vn 0.0000 0.0000 -1.0000
vn 0.0000 0.0000 -1.0000
vn 0.0000 0.0000 -1.0000
vn 0.0000 1.0000 0.0000
vn 0.0000 1.0000 0.0000
vn 0.0000 1.0000 0.0000
vn 0.0000 1.0000 0.0000
vn 0.0000 -1.0000 0.0000
vn 0.0000 -1.0000 0.0000
vn 0.0000 -1.0000 0.0000
vn 0.0000 -1.0000 0.0000
vn 1.0000 0.0000 0.0000
vn 1.0000 0.0000 0.0000
vn 1.0000 0.0000 0.0000
vn 1.0000 0.0000 0.0000
vn -1.0000 0.0000 0.0000
vn -1.0000 0.0000 0.0000
vn -1.0000 0.0000 0.0000
vn -1.0000 0.0000 0.0000
vt 0.0000 0.0000
vt 0.1250 0.0000
vt 0.1250 1.0000
vt 0.0000 1.0000
vt 0.1250 0.0000
vt 0.2500 0.0000
vt 0.2500 1.0000
vt 0.1250 1.0000
vt 0.2500 0.0000
vt 0.3750 0.0000
vt 0.3750 1.0000
vt 0.2500 1.0000
vt 0.3750 0.0000
vt 0.5000 0.0000
vt 0.5000 1.0000
vt 0.3750 1.0000
vt 0.5000 0.0000
vt 0.6250 0.0000
vt 0.6250 1.0000
vt 0.5000 1.0000
vt 0.6250 0.0000
vt 0.7500 0.0000
vt 0.7500 1.0000
vt 0.6250 1.0000
vt 0.7500 0.0000
vt 0.8750 0.0000
vt 0.8750 1.0000
vt 0.7500 1.0000
vt 0.8750 0.0000
vt 1.0000 0.0000
vt 1.0000 1.0000
vt 0.8750 1.0000
vt 0.0000 0.0000
vt 0.1250 0.0000
vt 0.1250 1.0000
vt 0.0000 1.0000
vt 0.1250 0.0000
vt 0.2500 0.0000
vt 0.2500 1.0000
vt 0.1250 1.0000
vt 0.2500 0.0000
vt 0.3750 0.0000
vt 0.3750 1.0000
vt 0.2500 1.0000
vt 0.3750 0.0000
vt 0.5000 0.0000
vt 0.5000 1.0000
vt 0.3750 1.0000
vt 0.5000 0.0000
vt 0.6250 0.0000
vt 0.6250 1.0000
vt 0.5000 1.0000
vt 0.6250 0.0000
vt 0.7500 0.0000
vt 0.7500 1.0000
vt 0.6250 1.0000
vt 0.7500 0.0000
vt 0.8750 0.0000
vt 0.8750 1.0000
vt 0.7500 1.0000
vt 0.8750 0.0000
vt 1.0000 0.0000
vt 1.0000 1.0000
vt 0.8750 1.0000
vt 0.0000 0.0000
vt 1.0000 0.0000
vt 1.0000 1.0000
vt 0.0000 1.0000
vt 0.0000 0.0000
vt 1.0000 0.0000
vt 1.0000 1.0000
vt 0.0000 1.0000
vt 0.0000 0.0000
vt 1.0000 0.0000
vt 1.0000 1.0000
vt 0.0000 1.0000
vt 0.0000 0.0000
vt 1.0000 0.0000
vt 1.0000 1.0000
vt 0.0000 1.0000
vt 0.0000 0.0000
vt 1.0000 0.0000
vt 1.0000 1.0000
vt 0.0000 1.0000
vt 0.0000 0.0000
vt 1.0000 0.0000
vt 1.0000 1.0000
vt 0.0000 1.0000
f 941/941/941 942/942/942 943/943/943
f 941/941/941 943/943/943 944/944/944
f 945/945/945 946/946/946 947/947/947
f 945/945/945 947/947/947 948/948/948
f 949/949/949 950/950/950 951/951/951
f 949/949/949 951/951/951 952/952/952
f 953/953/953 954/954/954 955/955/955
f 953/953/953 955/955/955 956/956/956
f 957/957/957 958/958/958 959/959/959
f 957/957/957 959/959/959 960/960/960
f 961/961/961 962/962/962 963/963/963
f 961/961/961 963/963/963 964/964/964
f 965/965/965 966/966/966 967/967/967
f 965/965/965 967/967/967 968/968/968
f 969/969/969 970/970/970 971/971/971
f 969/969/969 971/971/971 972/972/972
f 973/973/973 974/974/974 975/975/975
f 973/973/973 975/975/975 976/976/976
f 977/977/977 978/978/978 979/979/979
f 977/977/977 979/979/979 980/980/980
f 981/981/981 982/982/982 983/983/983
f 981/981/981 983/983/983 984/984/984
f 985/985/985 986/986/986 987/987/987
f 985/985/985 987/987/987 988/988/988
f 989/989/989 990/990/990 991/991/991
f 989/989/989 991/991/991 992/992/992
f 993/993/993 994/994/994 995/995/995
f 993/993/993 995/995/995 996/996/996
f 997/997/997 998/998/998 999/999/999
f 997/997/997 999/999/999 1000/1000/1000
f 1001/1001/1001 1002/1002/1002 1003/1003/1003
f 1001/1001/1001 1003/1003/1003 1004/1004/1004
f 1005/1005/1005 1006/1006/1006 1007/1007/1007
f 1005/1005/1005 1007/1007/1007 1008/1008/1008
f 1009/1009/1009 1010/1010/1010 1011/1011/1011
f 1009/1009/1009 1011/1011/1011 1012/1012/1012
f 1013/1013/1013 1014/1014/1014 1015/1015/1015
f 1013/1013/1013 1015/1015/1015 1016/1016/1016
f 1017/1017/1017 1018/1018/1018 1019/1019/1019
f 1017/1017/1017 1019/1019/1019 1020/1020/1020
f 1021/1021/1021 1022/1022/1022 1023/1023/1023
f 1021/1021/1021 1023/1023/1023 1024/1024/1024
f 1025/1025/1025 1026/1026/1026 1027/1027/1027
f 1025/1025/1025 1027/1027/1027 1028/1028/1028